--
-- PostgreSQL database dump
--

\restrict wyFZXjCEyTlKeXR9gUriBLTY9t8WIfonbdyX6q0n9LPSplGKedcMVhcMUXZ7ezu

-- Dumped from database version 15.15
-- Dumped by pg_dump version 15.15

SET statement_timeout = 0;
SET lock_timeout = 0;
SET idle_in_transaction_session_timeout = 0;
SET client_encoding = 'UTF8';
SET standard_conforming_strings = on;
SELECT pg_catalog.set_config('search_path', '', false);
SET check_function_bodies = false;
SET xmloption = content;
SET client_min_messages = warning;
SET row_security = off;

--
-- Data for Name: category_types; Type: TABLE DATA; Schema: public; Owner: sqladmin
--

SET SESSION AUTHORIZATION DEFAULT;

ALTER TABLE public.category_types DISABLE TRIGGER ALL;

COPY public.category_types (id, created_at, updated_at, kind) FROM stdin;
00000001-0000-0000-0000-000000000001	2025-12-15 11:33:02.894667	2025-12-15 11:33:02.894667	INCOME
00000001-0000-0000-0000-000000000002	2025-12-15 11:33:02.894667	2025-12-15 11:33:02.894667	EXPENSE
00000001-0000-0000-0000-000000000003	2025-12-15 11:33:02.894667	2025-12-15 11:33:02.894667	BALANCE_ARRANGEMENT
\.


ALTER TABLE public.category_types ENABLE TRIGGER ALL;

--
-- Data for Name: users; Type: TABLE DATA; Schema: public; Owner: sqladmin
--

ALTER TABLE public.users DISABLE TRIGGER ALL;

COPY public.users (id, created_at, updated_at, email, password_hash, name, lastname) FROM stdin;
40d3b44d-812e-4cb1-a689-5759a5b131a8	2025-12-12 11:33:56.279512	2025-12-12 11:33:56.279512	jany.starling@gmail.com	$2b$10$.Amv1UCzT5rMR1AJV4dgN.5QyCulxBtHfXP0W4YQlpGyH0i.2fKD6	tet	tet
a21bf42f-9361-422c-9c8f-eb217022407b	2025-12-12 18:11:02.491925	2025-12-12 18:11:02.491925	jany1.starling@gmail.com	$2b$10$UBn5DfhxaDyjG/8IrLElX.e9S7F6fPqyL2BkyWQGxVh/wruzmceo6	Tanya	Starling
ae54d76f-6a13-48ff-bf38-cdb55a38352e	2025-12-12 18:31:42.680848	2025-12-12 18:31:42.680848	jany.s1tarling@gmail.com	$2b$10$5VaBP8.79/LCa6dyPS7i5.Mpbv.4pQhIaGPwpCe0jyXv1Qc6Qzmi2	Tanya	Starling
c7865b21-aaa5-41c2-95dc-f8c61fa2b68c	2025-12-12 18:33:05.763474	2025-12-12 18:33:05.763474	jany.st1arling@gmail.com	$2b$10$hZmb0EydU36OHSbFSSnyQuX0p0i8bnfmCY5iqixfw0anjmpieDzSy	Tanya	Starling
81da3344-dcae-40e3-a5b9-d98273e45627	2025-12-15 11:34:39.661098	2025-12-15 11:34:39.661098	jany.starlin1g@gmail.com	$2b$10$AbKrZGolg0eshxuEXDRp7uD7FjuV7Z5D/vwrpIRou.MC5TUbc9MpW	Tanya	Starling
ae898d74-bc41-4d17-a27a-99677277ac01	2025-12-16 06:06:34.414651	2025-12-16 06:06:34.414651	jany.starling2@gmail.com	$2b$10$Luj5MqpTBofpsXqCjxFXMuR8T4Klsj0XNBnG8e.R6RBkfKWP8iqYa	Tanya	Starling
\.


ALTER TABLE public.users ENABLE TRIGGER ALL;

--
-- Data for Name: categories; Type: TABLE DATA; Schema: public; Owner: sqladmin
--

ALTER TABLE public.categories DISABLE TRIGGER ALL;

COPY public.categories (id, created_at, updated_at, parent_id, user_id, name, goal_amount, goal_target_date, category_type_id) FROM stdin;
ca1464cd-f364-4e12-bb82-b5bd8aea6e41	2025-12-16 11:52:57.581475	2025-12-16 11:52:57.581475	\N	c7865b21-aaa5-41c2-95dc-f8c61fa2b68c	Food	\N	\N	00000001-0000-0000-0000-000000000002
983a661a-8858-4619-ad50-6b297a108cd1	2025-12-16 12:35:45.390575	2025-12-16 12:35:45.390575	\N	ae898d74-bc41-4d17-a27a-99677277ac01	Clothe	\N	\N	00000001-0000-0000-0000-000000000002
91fda0b2-b54f-4f46-b593-5648135f2661	2025-12-16 12:44:30.039859	2025-12-16 12:44:30.039859	\N	ae898d74-bc41-4d17-a27a-99677277ac01	Salary	\N	\N	00000001-0000-0000-0000-000000000001
56203eba-3776-4037-b52a-3664c0e7e66e	2025-12-16 13:39:53.802873	2025-12-16 13:39:53.802873	\N	ae898d74-bc41-4d17-a27a-99677277ac01	Test	\N	\N	00000001-0000-0000-0000-000000000001
a79d940d-1f7e-4605-b763-db71063b7922	2025-12-16 13:51:20.184276	2025-12-17 08:30:35.632823	\N	ae898d74-bc41-4d17-a27a-99677277ac01	Test	\N	\N	00000001-0000-0000-0000-000000000002
ca083c9c-aa01-403c-aa57-bd3670b7bd1f	2025-12-17 10:11:58.786431	2025-12-17 10:11:58.786431	\N	ae898d74-bc41-4d17-a27a-99677277ac01	Car	\N	\N	00000001-0000-0000-0000-000000000001
\.


ALTER TABLE public.categories ENABLE TRIGGER ALL;

--
-- Data for Name: transactions; Type: TABLE DATA; Schema: public; Owner: sqladmin
--

ALTER TABLE public.transactions DISABLE TRIGGER ALL;

COPY public.transactions (id, created_at, updated_at, user_id, category_id, "when", amount, descriptin) FROM stdin;
7fb3efdb-da40-441d-88d3-caa2d71c6ab1	2025-12-17 14:34:12.570663	2025-12-17 14:34:12.570663	ae898d74-bc41-4d17-a27a-99677277ac01	ca083c9c-aa01-403c-aa57-bd3670b7bd1f	2025-02-02 02:34:21	13653.10000000	velit in aliquet
14d0f4ea-ab1f-4d1d-9149-7f9cdead7c3d	2025-12-17 14:34:12.570663	2025-12-17 14:34:12.570663	ae898d74-bc41-4d17-a27a-99677277ac01	91fda0b2-b54f-4f46-b593-5648135f2661	2025-02-19 21:54:20	18767.10000000	viverra. Maecenas iaculis aliquet diam. Sed diam
7e648640-a178-4174-828a-dd1a0230fc2d	2025-12-17 14:34:12.570663	2025-12-17 14:34:12.570663	ae898d74-bc41-4d17-a27a-99677277ac01	983a661a-8858-4619-ad50-6b297a108cd1	2025-05-09 21:28:16	10727.10000000	ultrices, mauris ipsum porta elit,
faae8e2c-0c20-4a32-a0aa-f5c60eb19ed0	2025-12-17 14:34:12.570663	2025-12-17 14:34:12.570663	ae898d74-bc41-4d17-a27a-99677277ac01	ca083c9c-aa01-403c-aa57-bd3670b7bd1f	2025-02-16 11:53:46	16711.10000000	primis in faucibus orci luctus et
38c436b1-c65a-4967-887b-1b83aa3aebfe	2025-12-17 14:34:12.570663	2025-12-17 14:34:12.570663	ae898d74-bc41-4d17-a27a-99677277ac01	91fda0b2-b54f-4f46-b593-5648135f2661	2025-07-13 13:22:27	14936.10000000	Maecenas ornare egestas ligula. Nullam feugiat placerat
b166d5c7-f317-48cf-8839-640082c71d90	2025-12-17 14:34:36.862766	2025-12-17 14:34:36.862766	ae898d74-bc41-4d17-a27a-99677277ac01	a79d940d-1f7e-4605-b763-db71063b7922	2025-02-22 22:34:35	7563.10000000	Donec egestas.
794f7f3b-4c26-4821-b9f2-dbb123967705	2025-12-17 14:34:12.570663	2025-12-17 14:34:12.570663	ae898d74-bc41-4d17-a27a-99677277ac01	a79d940d-1f7e-4605-b763-db71063b7922	2025-10-18 00:56:15	13043.10000000	arcu. Nunc mauris. Morbi non sapien molestie orci
81930a6a-638a-47e0-816b-fd9eb662d763	2025-12-17 14:34:12.570663	2025-12-17 14:34:12.570663	ae898d74-bc41-4d17-a27a-99677277ac01	91fda0b2-b54f-4f46-b593-5648135f2661	2025-04-24 14:21:00	19695.10000000	luctus aliquet odio. Etiam
30e488be-9f29-4d68-91b0-f0f1affd92e9	2025-12-17 14:34:12.570663	2025-12-17 14:34:12.570663	ae898d74-bc41-4d17-a27a-99677277ac01	983a661a-8858-4619-ad50-6b297a108cd1	2025-11-14 09:53:09	17879.10000000	per inceptos hymenaeos. Mauris ut
5848ae94-9798-4040-b184-ffb9244db26d	2025-12-17 14:34:12.570663	2025-12-17 14:34:12.570663	ae898d74-bc41-4d17-a27a-99677277ac01	983a661a-8858-4619-ad50-6b297a108cd1	2025-02-25 19:10:37	4300.10000000	natoque
f22533af-0b27-4c37-adb9-9a3228ed477d	2025-12-17 14:34:12.570663	2025-12-17 14:34:12.570663	ae898d74-bc41-4d17-a27a-99677277ac01	91fda0b2-b54f-4f46-b593-5648135f2661	2025-01-25 10:43:47	4929.10000000	justo eu arcu.
c3bf2a52-396d-4ebd-aec8-f2b21f46415a	2025-12-17 14:34:12.570663	2025-12-17 14:34:12.570663	ae898d74-bc41-4d17-a27a-99677277ac01	983a661a-8858-4619-ad50-6b297a108cd1	2025-05-09 05:41:27	16350.10000000	eu dui. Cum sociis natoque penatibus
fa8abdad-b972-4bce-8a7c-879440675467	2025-12-17 14:34:12.570663	2025-12-17 14:34:12.570663	ae898d74-bc41-4d17-a27a-99677277ac01	a79d940d-1f7e-4605-b763-db71063b7922	2025-01-18 01:54:56	7780.10000000	ac nulla. In
41a2f02f-bd94-47c6-a9de-412b3f92d1d9	2025-12-17 14:34:12.570663	2025-12-17 14:34:12.570663	ae898d74-bc41-4d17-a27a-99677277ac01	56203eba-3776-4037-b52a-3664c0e7e66e	2025-03-04 18:23:07	14614.10000000	gravida mauris ut mi. Duis risus odio, auctor
c760771c-4060-4f78-9c4c-42c6c8d9ee1c	2025-12-17 14:34:12.570663	2025-12-17 14:34:12.570663	ae898d74-bc41-4d17-a27a-99677277ac01	a79d940d-1f7e-4605-b763-db71063b7922	2025-06-17 13:19:45	4703.10000000	mollis. Phasellus libero
c5798c49-aa94-47de-b48d-89c4bd80d539	2025-12-17 14:34:12.570663	2025-12-17 14:34:12.570663	ae898d74-bc41-4d17-a27a-99677277ac01	ca083c9c-aa01-403c-aa57-bd3670b7bd1f	2025-01-26 12:17:28	672.10000000	mus. Proin
8069491b-50ab-455a-b62c-a7436b896d0e	2025-12-17 14:34:12.570663	2025-12-17 14:34:12.570663	ae898d74-bc41-4d17-a27a-99677277ac01	a79d940d-1f7e-4605-b763-db71063b7922	2025-01-18 21:21:12	2603.10000000	porttitor interdum. Sed auctor odio
3e3c24a8-243f-4859-94df-adfcf097e3ba	2025-12-17 14:34:12.570663	2025-12-17 14:34:12.570663	ae898d74-bc41-4d17-a27a-99677277ac01	983a661a-8858-4619-ad50-6b297a108cd1	2025-10-29 00:11:31	9737.10000000	Donec nibh. Quisque nonummy ipsum non arcu. Vivamus
3010db0a-2294-4c69-a543-2da4219e4baf	2025-12-17 14:34:12.570663	2025-12-17 14:34:12.570663	ae898d74-bc41-4d17-a27a-99677277ac01	983a661a-8858-4619-ad50-6b297a108cd1	2025-07-21 14:35:23	1904.10000000	ac orci. Ut semper pretium neque. Morbi quis urna.
2395c08d-c83f-421d-8042-7ec78df4e820	2025-12-17 14:34:12.570663	2025-12-17 14:34:12.570663	ae898d74-bc41-4d17-a27a-99677277ac01	ca083c9c-aa01-403c-aa57-bd3670b7bd1f	2025-11-27 16:54:10	15304.10000000	leo. Morbi neque
b9f74fe5-47e6-4e75-bd23-1c5b92179dff	2025-12-17 14:34:12.570663	2025-12-17 14:34:12.570663	ae898d74-bc41-4d17-a27a-99677277ac01	91fda0b2-b54f-4f46-b593-5648135f2661	2025-04-05 15:33:42	6963.10000000	Praesent eu dui. Cum sociis natoque penatibus et magnis
8d71b81e-baef-4cc7-8a9f-d165b0951721	2025-12-17 14:34:12.570663	2025-12-17 14:34:12.570663	ae898d74-bc41-4d17-a27a-99677277ac01	a79d940d-1f7e-4605-b763-db71063b7922	2025-01-17 21:20:24	10886.10000000	tempor diam
beee47bf-63ae-4477-812f-23e0fd178413	2025-12-17 14:34:12.570663	2025-12-17 14:34:12.570663	ae898d74-bc41-4d17-a27a-99677277ac01	ca083c9c-aa01-403c-aa57-bd3670b7bd1f	2025-03-26 17:03:37	11140.10000000	est, mollis non, cursus non, egestas a,
dfdcde0f-7d8e-4fd8-af29-28511ecf2b42	2025-12-17 14:34:12.570663	2025-12-17 14:34:12.570663	ae898d74-bc41-4d17-a27a-99677277ac01	ca083c9c-aa01-403c-aa57-bd3670b7bd1f	2025-10-24 02:40:17	3226.10000000	commodo at, libero.
b0b53b83-372c-4f4e-8d00-aca24c078a94	2025-12-17 14:34:12.570663	2025-12-17 14:34:12.570663	ae898d74-bc41-4d17-a27a-99677277ac01	983a661a-8858-4619-ad50-6b297a108cd1	2025-04-15 18:30:25	2265.10000000	tristique neque venenatis lacus. Etiam bibendum fermentum metus. Aenean
c460e193-6527-4c88-915d-00b2b5be5543	2025-12-17 14:34:12.570663	2025-12-17 14:34:12.570663	ae898d74-bc41-4d17-a27a-99677277ac01	a79d940d-1f7e-4605-b763-db71063b7922	2024-12-31 23:10:05	17372.10000000	non, lobortis quis, pede.
d70a4ff8-a32f-4d89-9220-5ef048bdeb11	2025-12-17 14:34:12.570663	2025-12-17 14:34:12.570663	ae898d74-bc41-4d17-a27a-99677277ac01	983a661a-8858-4619-ad50-6b297a108cd1	2025-10-23 17:33:23	14891.10000000	facilisis eget, ipsum.
83377a74-fde9-427f-87c5-2aa287ebc549	2025-12-17 14:34:12.570663	2025-12-17 14:34:12.570663	ae898d74-bc41-4d17-a27a-99677277ac01	56203eba-3776-4037-b52a-3664c0e7e66e	2025-03-08 15:29:14	9793.10000000	tellus non magna. Nam ligula elit, pretium
c809999e-e28e-489e-81fe-c38cc30bab23	2025-12-17 14:34:12.570663	2025-12-17 14:34:12.570663	ae898d74-bc41-4d17-a27a-99677277ac01	a79d940d-1f7e-4605-b763-db71063b7922	2025-02-01 08:58:09	11258.10000000	Nulla
1312519e-3e9e-4431-816f-6b803f43ab35	2025-12-17 14:34:12.570663	2025-12-17 14:34:12.570663	ae898d74-bc41-4d17-a27a-99677277ac01	ca083c9c-aa01-403c-aa57-bd3670b7bd1f	2025-07-04 18:23:16	11320.10000000	eget, dictum placerat, augue. Sed
baa420d8-580e-4f11-9b0c-e57fb23552fb	2025-12-17 14:34:12.570663	2025-12-17 14:34:12.570663	ae898d74-bc41-4d17-a27a-99677277ac01	91fda0b2-b54f-4f46-b593-5648135f2661	2025-05-09 01:05:54	3394.10000000	tristique senectus
527d4fa6-bb65-4ac9-9b3e-75de4590b57e	2025-12-17 14:34:12.570663	2025-12-17 14:34:12.570663	ae898d74-bc41-4d17-a27a-99677277ac01	983a661a-8858-4619-ad50-6b297a108cd1	2025-02-04 11:25:28	19667.10000000	lacus. Aliquam rutrum lorem ac risus. Morbi
8c2f5a45-95dc-4568-a09c-4d582aff19ee	2025-12-17 14:34:12.570663	2025-12-17 14:34:12.570663	ae898d74-bc41-4d17-a27a-99677277ac01	a79d940d-1f7e-4605-b763-db71063b7922	2025-03-03 13:38:39	8518.10000000	lobortis quis, pede. Suspendisse dui. Fusce diam nunc, ullamcorper
8da68e5d-2325-4550-9973-1832f9d90653	2025-12-17 14:34:12.570663	2025-12-17 14:34:12.570663	ae898d74-bc41-4d17-a27a-99677277ac01	983a661a-8858-4619-ad50-6b297a108cd1	2025-06-09 15:10:14	954.10000000	diam. Duis mi enim, condimentum eget, volutpat ornare,
82b413de-423f-4f21-87f3-92eef5343a2d	2025-12-17 14:34:12.570663	2025-12-17 14:34:12.570663	ae898d74-bc41-4d17-a27a-99677277ac01	ca083c9c-aa01-403c-aa57-bd3670b7bd1f	2025-04-05 01:49:23	8867.10000000	Suspendisse tristique neque venenatis lacus.
c834f2e2-069a-4562-b825-92d4e37a07a4	2025-12-17 14:34:12.570663	2025-12-17 14:34:12.570663	ae898d74-bc41-4d17-a27a-99677277ac01	ca083c9c-aa01-403c-aa57-bd3670b7bd1f	2025-12-23 05:46:59	9515.10000000	hendrerit neque. In ornare sagittis felis. Donec tempor,
f32867bd-09aa-42cd-b7ee-807db63ec1bf	2025-12-17 14:34:12.570663	2025-12-17 14:34:12.570663	ae898d74-bc41-4d17-a27a-99677277ac01	91fda0b2-b54f-4f46-b593-5648135f2661	2025-12-30 09:32:20	17436.10000000	felis, adipiscing
214770ee-486a-4a65-a4c3-908fa869f034	2025-12-17 14:34:12.570663	2025-12-17 14:34:12.570663	ae898d74-bc41-4d17-a27a-99677277ac01	a79d940d-1f7e-4605-b763-db71063b7922	2025-06-08 10:35:39	11911.10000000	dignissim lacus. Aliquam rutrum lorem ac risus. Morbi metus.
68717c7c-f4f7-4066-a37a-4acf0ab4c81c	2025-12-17 14:34:12.570663	2025-12-17 14:34:12.570663	ae898d74-bc41-4d17-a27a-99677277ac01	91fda0b2-b54f-4f46-b593-5648135f2661	2025-11-23 16:12:19	18609.10000000	dui. Cras
87417247-0a8b-4d20-9c26-2fe3577805dc	2025-12-17 14:34:12.570663	2025-12-17 14:34:12.570663	ae898d74-bc41-4d17-a27a-99677277ac01	a79d940d-1f7e-4605-b763-db71063b7922	2025-11-10 08:34:14	8306.10000000	id, blandit at, nisi. Cum sociis natoque
ea56bf75-2aa7-4e23-abfa-e6c18d3bddda	2025-12-17 14:34:12.570663	2025-12-17 14:34:12.570663	ae898d74-bc41-4d17-a27a-99677277ac01	56203eba-3776-4037-b52a-3664c0e7e66e	2025-10-19 20:13:59	7482.10000000	nec urna
b82bc442-53db-43b8-91e0-5b58c1ab48cf	2025-12-17 14:34:12.570663	2025-12-17 14:34:12.570663	ae898d74-bc41-4d17-a27a-99677277ac01	ca083c9c-aa01-403c-aa57-bd3670b7bd1f	2025-05-10 16:43:05	2093.10000000	risus. Nunc
bc9fbe4b-c6da-42b4-b242-460940a6f801	2025-12-17 14:34:12.570663	2025-12-17 14:34:12.570663	ae898d74-bc41-4d17-a27a-99677277ac01	ca083c9c-aa01-403c-aa57-bd3670b7bd1f	2025-06-15 18:57:54	18667.10000000	ipsum primis in faucibus orci
e7dab40f-807d-48b5-ae3b-279411343b6c	2025-12-17 14:34:12.570663	2025-12-17 14:34:12.570663	ae898d74-bc41-4d17-a27a-99677277ac01	983a661a-8858-4619-ad50-6b297a108cd1	2025-11-09 00:43:39	5781.10000000	montes, nascetur ridiculus
74587323-471b-4be1-9ab7-6862a1183a5e	2025-12-17 14:34:12.570663	2025-12-17 14:34:12.570663	ae898d74-bc41-4d17-a27a-99677277ac01	ca083c9c-aa01-403c-aa57-bd3670b7bd1f	2025-12-16 10:40:22	19563.10000000	interdum feugiat. Sed nec metus
0997adab-ee29-4913-ab5f-9ae6e9a9f539	2025-12-17 14:34:12.570663	2025-12-17 14:34:12.570663	ae898d74-bc41-4d17-a27a-99677277ac01	56203eba-3776-4037-b52a-3664c0e7e66e	2024-12-31 21:37:21	16336.10000000	ac tellus. Suspendisse sed dolor. Fusce mi
8bffc95e-38fb-49ad-91cd-76f9331818a2	2025-12-17 14:34:12.570663	2025-12-17 14:34:12.570663	ae898d74-bc41-4d17-a27a-99677277ac01	983a661a-8858-4619-ad50-6b297a108cd1	2025-06-14 22:43:24	17463.10000000	blandit mattis.
2494494e-6189-49fb-8b92-d90b30c8c77d	2025-12-17 14:34:12.570663	2025-12-17 14:34:12.570663	ae898d74-bc41-4d17-a27a-99677277ac01	ca083c9c-aa01-403c-aa57-bd3670b7bd1f	2025-06-17 21:09:39	13860.10000000	dui. Suspendisse ac metus vitae velit
d1cb53e0-48f1-4577-a3b5-21ed4f06b7b7	2025-12-17 14:34:12.570663	2025-12-17 14:34:12.570663	ae898d74-bc41-4d17-a27a-99677277ac01	91fda0b2-b54f-4f46-b593-5648135f2661	2025-01-20 20:21:19	13361.10000000	metus vitae velit egestas lacinia. Sed congue, elit
6f1bc640-8739-4cff-93ba-53cc74b0db67	2025-12-17 14:34:12.570663	2025-12-17 14:34:12.570663	ae898d74-bc41-4d17-a27a-99677277ac01	983a661a-8858-4619-ad50-6b297a108cd1	2025-03-04 23:15:37	9201.10000000	Ut sagittis
6dc7808d-9935-47da-b314-17f328dcf449	2025-12-17 14:34:12.570663	2025-12-17 14:34:12.570663	ae898d74-bc41-4d17-a27a-99677277ac01	ca083c9c-aa01-403c-aa57-bd3670b7bd1f	2025-01-26 15:45:31	11010.10000000	tincidunt, neque
20ee4d9d-3049-4e75-be0b-1ddefec3a673	2025-12-17 14:34:36.862766	2025-12-17 14:34:36.862766	ae898d74-bc41-4d17-a27a-99677277ac01	ca083c9c-aa01-403c-aa57-bd3670b7bd1f	2025-10-10 08:10:11	2497.10000000	eget nisi dictum augue
7b4c8e4a-0afb-400b-8ac1-33374ebb148c	2025-12-17 14:34:36.862766	2025-12-17 14:34:36.862766	ae898d74-bc41-4d17-a27a-99677277ac01	ca083c9c-aa01-403c-aa57-bd3670b7bd1f	2025-07-31 23:51:26	16073.10000000	ultrices iaculis odio. Nam interdum enim non nisi.
5f015523-180f-45ca-bd36-3ebcd4ee2842	2025-12-17 14:34:36.862766	2025-12-17 14:34:36.862766	ae898d74-bc41-4d17-a27a-99677277ac01	a79d940d-1f7e-4605-b763-db71063b7922	2025-04-06 03:20:26	19911.10000000	Integer id magna et ipsum cursus vestibulum.
26fb4542-169c-45be-ab34-f77a7de2cac6	2025-12-17 14:34:36.862766	2025-12-17 14:34:36.862766	ae898d74-bc41-4d17-a27a-99677277ac01	91fda0b2-b54f-4f46-b593-5648135f2661	2025-06-26 12:09:29	18648.10000000	auctor, velit eget laoreet posuere, enim
2259fcca-ecf1-4912-a797-9aa855dda5f5	2025-12-17 14:34:36.862766	2025-12-17 14:34:36.862766	ae898d74-bc41-4d17-a27a-99677277ac01	a79d940d-1f7e-4605-b763-db71063b7922	2025-04-22 12:10:17	398.10000000	Morbi
a0a9f1ae-7094-4d82-b34f-36e91d7eda06	2025-12-17 14:34:36.862766	2025-12-17 14:34:36.862766	ae898d74-bc41-4d17-a27a-99677277ac01	56203eba-3776-4037-b52a-3664c0e7e66e	2025-08-22 07:11:37	953.10000000	Phasellus ornare. Fusce mollis. Duis sit
9422b6a5-84cc-4acf-bcae-5ad79fa054a2	2025-12-17 14:34:36.862766	2025-12-17 14:34:36.862766	ae898d74-bc41-4d17-a27a-99677277ac01	a79d940d-1f7e-4605-b763-db71063b7922	2025-05-26 00:28:43	12154.10000000	quis, pede. Suspendisse
6270f349-3567-4379-aaf6-1c7dfdb3916a	2025-12-17 14:34:36.862766	2025-12-17 14:34:36.862766	ae898d74-bc41-4d17-a27a-99677277ac01	56203eba-3776-4037-b52a-3664c0e7e66e	2025-03-25 08:41:41	10665.10000000	Proin ultrices. Duis volutpat nunc sit amet
ab110330-4165-4248-a312-7490d77601ad	2025-12-17 14:34:36.862766	2025-12-17 14:34:36.862766	ae898d74-bc41-4d17-a27a-99677277ac01	983a661a-8858-4619-ad50-6b297a108cd1	2025-05-23 15:25:43	11779.10000000	erat, eget
cbf66af0-762a-4a50-ad0f-4a79c0c2aa58	2025-12-17 14:34:36.862766	2025-12-17 14:34:36.862766	ae898d74-bc41-4d17-a27a-99677277ac01	91fda0b2-b54f-4f46-b593-5648135f2661	2025-08-12 21:09:53	12802.10000000	ac
29ee54c5-961e-4589-a97c-2f645b5f4095	2025-12-17 14:34:36.862766	2025-12-17 14:34:36.862766	ae898d74-bc41-4d17-a27a-99677277ac01	91fda0b2-b54f-4f46-b593-5648135f2661	2025-08-10 22:18:15	19217.10000000	nibh. Donec est mauris, rhoncus id, mollis nec, cursus a,
6fe9d7c7-6575-4b5f-aee0-e8c20e8b9236	2025-12-17 14:34:36.862766	2025-12-17 14:34:36.862766	ae898d74-bc41-4d17-a27a-99677277ac01	ca083c9c-aa01-403c-aa57-bd3670b7bd1f	2025-11-29 01:16:06	12933.10000000	sit amet risus. Donec egestas. Aliquam nec enim. Nunc
f75f7154-1439-4066-a506-a6eea516a4e2	2025-12-17 14:34:36.862766	2025-12-17 14:34:36.862766	ae898d74-bc41-4d17-a27a-99677277ac01	56203eba-3776-4037-b52a-3664c0e7e66e	2025-03-19 12:06:59	13035.10000000	nisl
a3ad6e0b-21a3-475b-bb4d-066a7b761727	2025-12-17 14:34:36.862766	2025-12-17 14:34:36.862766	ae898d74-bc41-4d17-a27a-99677277ac01	a79d940d-1f7e-4605-b763-db71063b7922	2025-07-31 04:55:39	7454.10000000	Nullam feugiat placerat velit.
45da54f7-61ab-416c-9f77-70588f73079d	2025-12-17 14:34:36.862766	2025-12-17 14:34:36.862766	ae898d74-bc41-4d17-a27a-99677277ac01	983a661a-8858-4619-ad50-6b297a108cd1	2025-03-03 19:56:21	18528.10000000	non ante bibendum ullamcorper. Duis
5cb46e59-e2be-4e34-a77d-adc2d12251c6	2025-12-17 14:34:36.862766	2025-12-17 14:34:36.862766	ae898d74-bc41-4d17-a27a-99677277ac01	ca083c9c-aa01-403c-aa57-bd3670b7bd1f	2025-04-28 12:32:36	8280.10000000	at lacus. Quisque
3bd38421-efdb-4dbd-805b-0598d385c28c	2025-12-17 14:34:36.862766	2025-12-17 14:34:36.862766	ae898d74-bc41-4d17-a27a-99677277ac01	56203eba-3776-4037-b52a-3664c0e7e66e	2025-12-08 03:11:57	3790.10000000	ornare egestas ligula. Nullam feugiat placerat velit.
0971e348-600b-4b0d-86f8-4ecda75bd51c	2025-12-17 14:34:36.862766	2025-12-17 14:34:36.862766	ae898d74-bc41-4d17-a27a-99677277ac01	a79d940d-1f7e-4605-b763-db71063b7922	2025-04-15 12:49:35	8710.10000000	enim, condimentum eget, volutpat ornare, facilisis eget, ipsum.
c511d59a-52c2-4fba-afae-1460bacc7fba	2025-12-17 14:34:36.862766	2025-12-17 14:34:36.862766	ae898d74-bc41-4d17-a27a-99677277ac01	a79d940d-1f7e-4605-b763-db71063b7922	2025-08-01 05:14:15	15747.10000000	dolor. Quisque tincidunt pede ac urna. Ut
c446bfbe-c4b9-4983-8a10-02e2fbffb046	2025-12-17 14:34:36.862766	2025-12-17 14:34:36.862766	ae898d74-bc41-4d17-a27a-99677277ac01	ca083c9c-aa01-403c-aa57-bd3670b7bd1f	2025-02-18 11:43:55	2972.10000000	parturient montes, nascetur ridiculus mus. Proin vel
bd9da6e6-67c8-4c3d-af7f-b40fcd4f6566	2025-12-17 14:34:36.862766	2025-12-17 14:34:36.862766	ae898d74-bc41-4d17-a27a-99677277ac01	91fda0b2-b54f-4f46-b593-5648135f2661	2025-06-03 05:58:11	5109.10000000	ac mattis velit
de7feabe-68ea-436b-bf99-489d1a6fdee9	2025-12-17 14:34:36.862766	2025-12-17 14:34:36.862766	ae898d74-bc41-4d17-a27a-99677277ac01	a79d940d-1f7e-4605-b763-db71063b7922	2025-05-29 13:57:33	6170.10000000	leo.
f3a5863d-408f-481f-a432-51b05015987f	2025-12-17 14:34:36.862766	2025-12-17 14:34:36.862766	ae898d74-bc41-4d17-a27a-99677277ac01	a79d940d-1f7e-4605-b763-db71063b7922	2025-11-21 07:42:14	5791.10000000	lobortis tellus justo sit amet nulla. Donec non justo.
fb4e9958-dfea-419b-9865-f0158e92d6be	2025-12-17 14:34:36.862766	2025-12-17 14:34:36.862766	ae898d74-bc41-4d17-a27a-99677277ac01	a79d940d-1f7e-4605-b763-db71063b7922	2025-04-20 07:38:21	12471.10000000	mauris erat eget ipsum. Suspendisse sagittis. Nullam vitae diam.
5531756b-8a15-4c7e-bdbf-34ed19e8e935	2025-12-17 14:34:36.862766	2025-12-17 14:34:36.862766	ae898d74-bc41-4d17-a27a-99677277ac01	983a661a-8858-4619-ad50-6b297a108cd1	2024-12-17 20:14:32	14913.10000000	posuere cubilia Curae Phasellus
5da6b7d5-7bc9-4a3f-a9e0-44f36b93f0d0	2025-12-17 14:34:36.862766	2025-12-17 14:34:36.862766	ae898d74-bc41-4d17-a27a-99677277ac01	ca083c9c-aa01-403c-aa57-bd3670b7bd1f	2025-06-23 19:41:37	8507.10000000	diam. Pellentesque habitant
f33a0d16-a18f-43d1-abee-976fdfbaa396	2025-12-17 14:34:36.862766	2025-12-17 14:34:36.862766	ae898d74-bc41-4d17-a27a-99677277ac01	91fda0b2-b54f-4f46-b593-5648135f2661	2025-10-22 07:45:45	6013.10000000	lorem lorem, luctus ut, pellentesque
befc7041-e4f1-4bec-832d-9e1d8af771a3	2025-12-17 14:34:36.862766	2025-12-17 14:34:36.862766	ae898d74-bc41-4d17-a27a-99677277ac01	a79d940d-1f7e-4605-b763-db71063b7922	2025-07-23 07:31:23	1749.10000000	Cum sociis
4ac1ce14-2421-4e2c-a87e-db326ed8a59b	2025-12-17 14:34:36.862766	2025-12-17 14:34:36.862766	ae898d74-bc41-4d17-a27a-99677277ac01	983a661a-8858-4619-ad50-6b297a108cd1	2025-03-27 13:52:41	313.10000000	diam. Proin dolor. Nulla semper tellus id
548ac490-2889-4f1a-902e-fa12a2e8e4ff	2025-12-17 14:34:36.862766	2025-12-17 14:34:36.862766	ae898d74-bc41-4d17-a27a-99677277ac01	56203eba-3776-4037-b52a-3664c0e7e66e	2025-08-22 14:50:06	9409.10000000	aliquet odio. Etiam ligula tortor,
137f8927-7ede-41f8-9d44-d1b0fc6fcdfc	2025-12-17 14:34:36.862766	2025-12-17 14:34:36.862766	ae898d74-bc41-4d17-a27a-99677277ac01	983a661a-8858-4619-ad50-6b297a108cd1	2025-02-26 01:22:50	4694.10000000	pharetra nibh. Aliquam ornare,
3af5c551-af05-4ef9-94c1-8247d55c900f	2025-12-17 14:34:36.862766	2025-12-17 14:34:36.862766	ae898d74-bc41-4d17-a27a-99677277ac01	a79d940d-1f7e-4605-b763-db71063b7922	2025-09-27 16:08:27	15440.10000000	erat nonummy ultricies ornare, elit elit fermentum
4dad798c-5e15-4393-8f6b-1c81f10ca960	2025-12-17 14:34:36.862766	2025-12-17 14:34:36.862766	ae898d74-bc41-4d17-a27a-99677277ac01	a79d940d-1f7e-4605-b763-db71063b7922	2025-11-08 14:49:06	17212.10000000	gravida. Praesent eu nulla at sem molestie sodales. Mauris
931f7cdb-dd00-49e8-8b02-351a48b5f53a	2025-12-17 14:34:36.862766	2025-12-17 14:34:36.862766	ae898d74-bc41-4d17-a27a-99677277ac01	56203eba-3776-4037-b52a-3664c0e7e66e	2025-02-21 10:48:28	7761.10000000	nec, euismod in, dolor. Fusce feugiat.
8c5b5ce7-0816-40bf-a185-a99350e9fea0	2025-12-17 14:34:36.862766	2025-12-17 14:34:36.862766	ae898d74-bc41-4d17-a27a-99677277ac01	a79d940d-1f7e-4605-b763-db71063b7922	2025-04-04 03:59:04	8940.10000000	lorem ac
565f668b-a119-486d-9822-e9015cbb3bae	2025-12-17 14:34:36.862766	2025-12-17 14:34:36.862766	ae898d74-bc41-4d17-a27a-99677277ac01	a79d940d-1f7e-4605-b763-db71063b7922	2025-09-26 13:29:12	12346.10000000	tincidunt orci quis lectus. Nullam suscipit, est ac facilisis facilisis,
330d479d-d320-4438-ab8a-f23b1d8812c2	2025-12-17 14:34:36.862766	2025-12-17 14:34:36.862766	ae898d74-bc41-4d17-a27a-99677277ac01	91fda0b2-b54f-4f46-b593-5648135f2661	2025-12-05 12:24:42	1347.10000000	semper pretium neque. Morbi quis
8c54ab01-735e-4427-b96d-b21ab05a227f	2025-12-17 14:34:36.862766	2025-12-17 14:34:36.862766	ae898d74-bc41-4d17-a27a-99677277ac01	91fda0b2-b54f-4f46-b593-5648135f2661	2025-04-17 20:17:11	12008.10000000	ante. Vivamus
7db565b1-7106-4157-a820-bb81d3349bb8	2025-12-17 14:34:36.862766	2025-12-17 14:34:36.862766	ae898d74-bc41-4d17-a27a-99677277ac01	ca083c9c-aa01-403c-aa57-bd3670b7bd1f	2025-03-18 03:38:37	2802.10000000	ipsum dolor sit amet, consectetuer adipiscing elit. Curabitur sed tortor.
e6d17405-b07c-4822-bd35-94d10b840e0a	2025-12-17 14:34:36.862766	2025-12-17 14:34:36.862766	ae898d74-bc41-4d17-a27a-99677277ac01	56203eba-3776-4037-b52a-3664c0e7e66e	2025-04-15 11:31:51	14400.10000000	tincidunt, neque vitae semper egestas, urna justo faucibus lectus, a
baeb2730-8334-4590-b3c1-6af51d47232c	2025-12-17 14:34:36.862766	2025-12-17 14:34:36.862766	ae898d74-bc41-4d17-a27a-99677277ac01	ca083c9c-aa01-403c-aa57-bd3670b7bd1f	2024-12-31 10:10:09	12731.10000000	Donec egestas. Duis ac arcu. Nunc mauris. Morbi non
1345d550-93cd-44b9-b1af-df145e15938d	2025-12-17 14:34:36.862766	2025-12-17 14:34:36.862766	ae898d74-bc41-4d17-a27a-99677277ac01	983a661a-8858-4619-ad50-6b297a108cd1	2025-06-20 21:24:39	4143.10000000	dolor. Fusce mi lorem, vehicula et, rutrum eu, ultrices
8b8846b1-b348-45c5-8615-66316cd7bac3	2025-12-17 14:34:36.862766	2025-12-17 14:34:36.862766	ae898d74-bc41-4d17-a27a-99677277ac01	983a661a-8858-4619-ad50-6b297a108cd1	2025-05-24 10:46:07	14454.10000000	consequat nec, mollis vitae, posuere at, velit. Cras lorem lorem,
4b1c3515-1493-4ea6-b5f7-817c6d473490	2025-12-17 14:34:36.862766	2025-12-17 14:34:36.862766	ae898d74-bc41-4d17-a27a-99677277ac01	91fda0b2-b54f-4f46-b593-5648135f2661	2025-02-08 02:52:06	15097.10000000	risus, at fringilla purus
109fb720-120f-47be-aef1-d2293822a3af	2025-12-17 14:34:36.862766	2025-12-17 14:34:36.862766	ae898d74-bc41-4d17-a27a-99677277ac01	91fda0b2-b54f-4f46-b593-5648135f2661	2025-09-10 09:39:16	19227.10000000	lectus, a sollicitudin orci sem eget massa.
90d456d5-11c4-4755-aa3f-d0f8195f2302	2025-12-17 14:34:36.862766	2025-12-17 14:34:36.862766	ae898d74-bc41-4d17-a27a-99677277ac01	983a661a-8858-4619-ad50-6b297a108cd1	2025-03-18 13:34:22	4848.10000000	ante ipsum primis in faucibus orci luctus et ultrices
e54d42d5-32ac-46c7-aa52-6f5104c861e5	2025-12-17 14:34:36.862766	2025-12-17 14:34:36.862766	ae898d74-bc41-4d17-a27a-99677277ac01	ca083c9c-aa01-403c-aa57-bd3670b7bd1f	2025-04-30 11:53:45	17535.10000000	non magna. Nam ligula elit, pretium et, rutrum
eb7876f3-dab7-44d7-a674-9537ec7cc96f	2025-12-17 14:34:36.862766	2025-12-17 14:34:36.862766	ae898d74-bc41-4d17-a27a-99677277ac01	a79d940d-1f7e-4605-b763-db71063b7922	2025-09-11 12:38:12	2531.10000000	mi eleifend egestas. Sed pharetra, felis eget varius
f6e19bff-6c70-4748-a99f-8577fc084c4e	2025-12-17 14:34:36.862766	2025-12-17 14:34:36.862766	ae898d74-bc41-4d17-a27a-99677277ac01	91fda0b2-b54f-4f46-b593-5648135f2661	2025-10-13 02:00:37	12618.10000000	porta elit, a feugiat tellus lorem eu
9c563bef-db8b-4585-bdc0-9ae7f5b3f338	2025-12-17 14:34:47.25364	2025-12-17 14:34:47.25364	ae898d74-bc41-4d17-a27a-99677277ac01	56203eba-3776-4037-b52a-3664c0e7e66e	2025-04-03 12:32:03	9936.10000000	pellentesque, tellus sem mollis dui,
654d9c28-9558-44ec-b120-74371efdad92	2025-12-17 14:34:47.25364	2025-12-17 14:34:47.25364	ae898d74-bc41-4d17-a27a-99677277ac01	91fda0b2-b54f-4f46-b593-5648135f2661	2025-05-01 09:31:14	19682.10000000	consectetuer ipsum nunc id enim.
5c882eca-5699-456c-b8f2-0a648e181007	2025-12-17 14:34:47.25364	2025-12-17 14:34:47.25364	ae898d74-bc41-4d17-a27a-99677277ac01	a79d940d-1f7e-4605-b763-db71063b7922	2025-06-26 22:01:25	12027.10000000	dolor dapibus gravida. Aliquam tincidunt, nunc ac mattis
cf1c320f-4c6d-4964-a66c-eb9680d9ce5a	2025-12-17 14:34:47.25364	2025-12-17 14:34:47.25364	ae898d74-bc41-4d17-a27a-99677277ac01	56203eba-3776-4037-b52a-3664c0e7e66e	2024-12-20 04:50:55	11485.10000000	Duis at lacus. Quisque purus sapien, gravida
579bdb7c-186a-4689-be67-e2ac83618b6b	2025-12-17 14:34:47.25364	2025-12-17 14:34:47.25364	ae898d74-bc41-4d17-a27a-99677277ac01	56203eba-3776-4037-b52a-3664c0e7e66e	2025-02-02 01:48:11	9132.10000000	Nullam lobortis quam a felis ullamcorper viverra. Maecenas iaculis
8ce7ce53-b9ea-4aa2-be67-4d683901a2ae	2025-12-17 14:34:47.25364	2025-12-17 14:34:47.25364	ae898d74-bc41-4d17-a27a-99677277ac01	a79d940d-1f7e-4605-b763-db71063b7922	2025-02-17 14:59:17	11299.10000000	In tincidunt congue turpis.
bedbce7c-147e-434c-a490-842eee3aad07	2025-12-17 14:34:47.25364	2025-12-17 14:34:47.25364	ae898d74-bc41-4d17-a27a-99677277ac01	56203eba-3776-4037-b52a-3664c0e7e66e	2025-03-31 09:00:32	6972.10000000	eu, accumsan sed, facilisis vitae, orci. Phasellus dapibus quam
ba54b2c7-aae8-477c-9f05-cd96010240de	2025-12-17 14:34:47.25364	2025-12-17 14:34:47.25364	ae898d74-bc41-4d17-a27a-99677277ac01	ca083c9c-aa01-403c-aa57-bd3670b7bd1f	2025-06-09 13:13:03	4872.10000000	tellus justo sit amet nulla. Donec
4f1aabc1-19c1-4995-9fe8-11ee75b9787e	2025-12-17 14:34:47.25364	2025-12-17 14:34:47.25364	ae898d74-bc41-4d17-a27a-99677277ac01	ca083c9c-aa01-403c-aa57-bd3670b7bd1f	2025-12-02 13:13:07	7912.10000000	per inceptos hymenaeos. Mauris ut quam
c4d0e8de-2047-4f85-829f-f29d2fc604b7	2025-12-17 14:34:47.25364	2025-12-17 14:34:47.25364	ae898d74-bc41-4d17-a27a-99677277ac01	56203eba-3776-4037-b52a-3664c0e7e66e	2025-02-14 04:45:35	12946.10000000	egestas. Fusce
9de3780d-f73b-4032-be76-758109269a9d	2025-12-17 14:34:47.25364	2025-12-17 14:34:47.25364	ae898d74-bc41-4d17-a27a-99677277ac01	a79d940d-1f7e-4605-b763-db71063b7922	2025-11-10 17:48:00	18076.10000000	convallis in,
a5d1fc11-593a-4804-b81f-a570526f014e	2025-12-17 14:34:47.25364	2025-12-17 14:34:47.25364	ae898d74-bc41-4d17-a27a-99677277ac01	983a661a-8858-4619-ad50-6b297a108cd1	2025-11-23 02:30:17	19280.10000000	Cras dolor dolor, tempus
5309b194-ce61-4e28-aaf7-5046828bc8e5	2025-12-17 14:34:47.25364	2025-12-17 14:34:47.25364	ae898d74-bc41-4d17-a27a-99677277ac01	a79d940d-1f7e-4605-b763-db71063b7922	2025-08-16 05:08:45	3257.10000000	imperdiet non, vestibulum nec, euismod in, dolor.
55b70af0-cf52-4b7f-8e1d-efc2d22265b1	2025-12-17 14:34:47.25364	2025-12-17 14:34:47.25364	ae898d74-bc41-4d17-a27a-99677277ac01	983a661a-8858-4619-ad50-6b297a108cd1	2025-07-12 17:18:43	7366.10000000	diam. Duis mi enim, condimentum eget,
b756a69e-448e-4e89-a2d6-2a349bf785b5	2025-12-17 14:34:47.25364	2025-12-17 14:34:47.25364	ae898d74-bc41-4d17-a27a-99677277ac01	56203eba-3776-4037-b52a-3664c0e7e66e	2025-10-25 07:33:45	12263.10000000	nonummy ultricies ornare, elit
4533b0c2-80e2-476c-84be-a66d09729a5e	2025-12-17 14:34:47.25364	2025-12-17 14:34:47.25364	ae898d74-bc41-4d17-a27a-99677277ac01	983a661a-8858-4619-ad50-6b297a108cd1	2025-11-10 06:08:15	16758.10000000	et malesuada
131db0f1-ff02-46b8-a16c-f4757806a93a	2025-12-17 14:34:47.25364	2025-12-17 14:34:47.25364	ae898d74-bc41-4d17-a27a-99677277ac01	a79d940d-1f7e-4605-b763-db71063b7922	2025-02-01 12:39:26	5566.10000000	urna et arcu imperdiet
02c74378-5acf-41ae-955d-f563a927bd79	2025-12-17 14:34:47.25364	2025-12-17 14:34:47.25364	ae898d74-bc41-4d17-a27a-99677277ac01	56203eba-3776-4037-b52a-3664c0e7e66e	2025-05-15 03:45:28	9169.10000000	pede, nonummy ut, molestie in, tempus
3aeaa896-6949-45d3-8b42-ddcd21b40118	2025-12-17 14:34:47.25364	2025-12-17 14:34:47.25364	ae898d74-bc41-4d17-a27a-99677277ac01	ca083c9c-aa01-403c-aa57-bd3670b7bd1f	2025-08-17 15:16:11	48.10000000	purus ac tellus. Suspendisse sed dolor.
9c3fd68c-0618-4469-b975-b36335b562f1	2025-12-17 14:34:47.25364	2025-12-17 14:34:47.25364	ae898d74-bc41-4d17-a27a-99677277ac01	ca083c9c-aa01-403c-aa57-bd3670b7bd1f	2025-09-18 23:09:47	11109.10000000	magna. Nam ligula
752525ab-c980-4b92-80e5-ad202c4cb60c	2025-12-17 14:34:47.25364	2025-12-17 14:34:47.25364	ae898d74-bc41-4d17-a27a-99677277ac01	56203eba-3776-4037-b52a-3664c0e7e66e	2025-03-13 05:45:38	9819.10000000	congue turpis. In
6caf2d61-063f-471f-86f4-fa1d70b3ca10	2025-12-17 14:34:47.25364	2025-12-17 14:34:47.25364	ae898d74-bc41-4d17-a27a-99677277ac01	56203eba-3776-4037-b52a-3664c0e7e66e	2025-04-03 17:24:24	4685.10000000	dolor egestas rhoncus. Proin
ce680348-c2d3-44ec-aebe-41dc23f7e100	2025-12-17 14:34:47.25364	2025-12-17 14:34:47.25364	ae898d74-bc41-4d17-a27a-99677277ac01	ca083c9c-aa01-403c-aa57-bd3670b7bd1f	2025-08-27 19:38:45	7026.10000000	lorem
bd9b22a0-96ed-4e23-ba75-4c71f1b1ae9e	2025-12-17 14:34:47.25364	2025-12-17 14:34:47.25364	ae898d74-bc41-4d17-a27a-99677277ac01	56203eba-3776-4037-b52a-3664c0e7e66e	2025-11-15 06:39:36	4324.10000000	luctus, ipsum leo elementum sem, vitae aliquam
dde93599-b1c4-4b0f-9228-cd10c3a6e895	2025-12-17 14:34:47.25364	2025-12-17 14:34:47.25364	ae898d74-bc41-4d17-a27a-99677277ac01	983a661a-8858-4619-ad50-6b297a108cd1	2024-12-23 19:21:52	18191.10000000	cursus vestibulum. Mauris magna. Duis dignissim tempor
0490e592-f2c6-4cf4-ad91-f88ae7be5f87	2025-12-17 14:34:47.25364	2025-12-17 14:34:47.25364	ae898d74-bc41-4d17-a27a-99677277ac01	56203eba-3776-4037-b52a-3664c0e7e66e	2025-07-25 16:09:32	4254.10000000	sit amet risus. Donec egestas. Aliquam nec
7b9152df-299b-44a5-9dcb-4c1ceb31f999	2025-12-17 14:34:47.25364	2025-12-17 14:34:47.25364	ae898d74-bc41-4d17-a27a-99677277ac01	56203eba-3776-4037-b52a-3664c0e7e66e	2025-06-27 08:25:34	17421.10000000	sed, est. Nunc laoreet lectus quis massa. Mauris vestibulum,
9df9c293-108a-4bea-bfcd-d0f854bf3b30	2025-12-17 14:34:47.25364	2025-12-17 14:34:47.25364	ae898d74-bc41-4d17-a27a-99677277ac01	983a661a-8858-4619-ad50-6b297a108cd1	2025-11-01 14:01:41	19789.10000000	venenatis a, magna.
c4b87d03-cf2b-43b5-8b19-d585f613cfea	2025-12-17 14:34:47.25364	2025-12-17 14:34:47.25364	ae898d74-bc41-4d17-a27a-99677277ac01	a79d940d-1f7e-4605-b763-db71063b7922	2024-12-18 05:24:02	16421.10000000	posuere cubilia Curae
373fbcdf-7b3b-4a9b-a0e3-7ab4e2d32ec8	2025-12-17 14:34:47.25364	2025-12-17 14:34:47.25364	ae898d74-bc41-4d17-a27a-99677277ac01	ca083c9c-aa01-403c-aa57-bd3670b7bd1f	2025-05-07 03:26:16	10976.10000000	elementum, dui quis accumsan convallis, ante lectus
bef7d362-7def-4594-bbc6-8057a2c4ff64	2025-12-17 14:34:47.25364	2025-12-17 14:34:47.25364	ae898d74-bc41-4d17-a27a-99677277ac01	a79d940d-1f7e-4605-b763-db71063b7922	2025-06-06 02:19:57	418.10000000	adipiscing ligula. Aenean gravida nunc sed
41bc0e43-7d27-4d6a-8df0-e5aa5e903000	2025-12-17 14:34:47.25364	2025-12-17 14:34:47.25364	ae898d74-bc41-4d17-a27a-99677277ac01	ca083c9c-aa01-403c-aa57-bd3670b7bd1f	2025-05-13 10:26:40	17884.10000000	nulla magna, malesuada vel, convallis in, cursus et, eros.
517bd764-3908-4c5a-9a01-15d9787f0bd4	2025-12-17 14:34:47.25364	2025-12-17 14:34:47.25364	ae898d74-bc41-4d17-a27a-99677277ac01	a79d940d-1f7e-4605-b763-db71063b7922	2025-11-20 08:47:27	15358.10000000	ornare placerat, orci lacus vestibulum lorem, sit amet ultricies
2a9af7a3-e0ee-4792-9344-110e43d03bb5	2025-12-17 14:34:47.25364	2025-12-17 14:34:47.25364	ae898d74-bc41-4d17-a27a-99677277ac01	ca083c9c-aa01-403c-aa57-bd3670b7bd1f	2025-12-14 09:05:43	11928.10000000	fringilla euismod enim. Etiam gravida molestie
386e4774-ccd3-42bf-a030-5621b262fd23	2025-12-17 14:34:47.25364	2025-12-17 14:34:47.25364	ae898d74-bc41-4d17-a27a-99677277ac01	56203eba-3776-4037-b52a-3664c0e7e66e	2025-08-23 10:16:22	18129.10000000	facilisis facilisis, magna tellus faucibus
bc6ee5cc-1f5c-47bf-8306-3307ac5cde4b	2025-12-17 14:34:47.25364	2025-12-17 14:34:47.25364	ae898d74-bc41-4d17-a27a-99677277ac01	56203eba-3776-4037-b52a-3664c0e7e66e	2025-12-25 00:57:43	12401.10000000	lacus vestibulum lorem, sit amet ultricies
1f92c424-89c6-4aa5-8518-954b2ceab411	2025-12-17 14:34:47.25364	2025-12-17 14:34:47.25364	ae898d74-bc41-4d17-a27a-99677277ac01	983a661a-8858-4619-ad50-6b297a108cd1	2025-05-11 17:19:44	1468.10000000	sociis natoque penatibus et magnis dis parturient montes, nascetur ridiculus
7ab6b117-b95e-4b04-8d67-317c7ffe5096	2025-12-17 14:34:47.25364	2025-12-17 14:34:47.25364	ae898d74-bc41-4d17-a27a-99677277ac01	91fda0b2-b54f-4f46-b593-5648135f2661	2025-06-19 09:50:44	7808.10000000	lacinia mattis. Integer
2400c2ee-97ee-4d62-a3a8-3576f44d506d	2025-12-17 14:34:47.25364	2025-12-17 14:34:47.25364	ae898d74-bc41-4d17-a27a-99677277ac01	a79d940d-1f7e-4605-b763-db71063b7922	2025-01-19 03:34:10	15900.10000000	dictum.
b5243c91-e4fc-4169-97d2-3baf86c25e69	2025-12-17 14:34:47.25364	2025-12-17 14:34:47.25364	ae898d74-bc41-4d17-a27a-99677277ac01	983a661a-8858-4619-ad50-6b297a108cd1	2025-10-31 05:24:30	19938.10000000	et tristique pellentesque, tellus sem
1cf80e81-9782-4501-b172-4a0fc2726648	2025-12-17 14:34:47.25364	2025-12-17 14:34:47.25364	ae898d74-bc41-4d17-a27a-99677277ac01	983a661a-8858-4619-ad50-6b297a108cd1	2025-07-22 15:32:13	9712.10000000	ac ipsum. Phasellus vitae mauris sit
8be8814a-9c87-46ed-b893-51bf479472c4	2025-12-17 14:34:47.25364	2025-12-17 14:34:47.25364	ae898d74-bc41-4d17-a27a-99677277ac01	56203eba-3776-4037-b52a-3664c0e7e66e	2025-04-30 18:02:35	13236.10000000	non justo. Proin non massa non ante bibendum
f8fb32f6-72fc-472c-9668-4411a231a987	2025-12-17 14:34:47.25364	2025-12-17 14:34:47.25364	ae898d74-bc41-4d17-a27a-99677277ac01	91fda0b2-b54f-4f46-b593-5648135f2661	2025-08-30 18:33:25	14360.10000000	rutrum. Fusce dolor quam, elementum at,
0a1a4ec1-4a5d-4228-ba17-a13f54e4b352	2025-12-17 14:34:47.25364	2025-12-17 14:34:47.25364	ae898d74-bc41-4d17-a27a-99677277ac01	91fda0b2-b54f-4f46-b593-5648135f2661	2025-01-14 21:49:13	16697.10000000	blandit. Nam nulla magna, malesuada vel, convallis
e11ae39d-2b08-4356-8da5-d035a0c7ed12	2025-12-17 14:34:47.25364	2025-12-17 14:34:47.25364	ae898d74-bc41-4d17-a27a-99677277ac01	983a661a-8858-4619-ad50-6b297a108cd1	2025-02-22 10:58:01	13109.10000000	metus. Aliquam erat volutpat. Nulla facilisis.
e0f65231-cb42-4f8e-a9d9-10a0728de641	2025-12-17 14:34:47.25364	2025-12-17 14:34:47.25364	ae898d74-bc41-4d17-a27a-99677277ac01	91fda0b2-b54f-4f46-b593-5648135f2661	2025-11-22 23:16:03	4316.10000000	sagittis lobortis
e079187a-358d-4788-b5b4-9020c68dabe8	2025-12-17 14:34:47.25364	2025-12-17 14:34:47.25364	ae898d74-bc41-4d17-a27a-99677277ac01	983a661a-8858-4619-ad50-6b297a108cd1	2025-11-16 11:16:28	4815.10000000	eget metus. In nec
9b703db4-b3a9-4509-99e5-f92222d32cc5	2025-12-17 14:34:47.25364	2025-12-17 14:34:47.25364	ae898d74-bc41-4d17-a27a-99677277ac01	a79d940d-1f7e-4605-b763-db71063b7922	2025-11-13 11:22:55	9354.10000000	at, iaculis quis, pede. Praesent eu dui. Cum
854962e2-3e25-44a1-bba6-de0955ab44b0	2025-12-17 14:34:47.25364	2025-12-17 14:34:47.25364	ae898d74-bc41-4d17-a27a-99677277ac01	91fda0b2-b54f-4f46-b593-5648135f2661	2025-09-27 06:08:18	10963.10000000	cursus a,
c52a45ef-0f7f-41b3-9289-8eef118d6ab6	2025-12-17 14:34:47.25364	2025-12-17 14:34:47.25364	ae898d74-bc41-4d17-a27a-99677277ac01	ca083c9c-aa01-403c-aa57-bd3670b7bd1f	2025-06-03 23:26:42	484.10000000	vel lectus.
6b7c0c7b-d96b-4ddd-b3c4-8f2eec6015d6	2025-12-17 14:35:08.824894	2025-12-17 14:35:08.824894	ae898d74-bc41-4d17-a27a-99677277ac01	56203eba-3776-4037-b52a-3664c0e7e66e	2025-04-03 12:32:03	9936.10000000	pellentesque, tellus sem mollis dui,
5e106894-5c60-4c21-8edc-bdb46756d8f3	2025-12-17 14:35:08.824894	2025-12-17 14:35:08.824894	ae898d74-bc41-4d17-a27a-99677277ac01	91fda0b2-b54f-4f46-b593-5648135f2661	2025-05-01 09:31:14	19682.10000000	consectetuer ipsum nunc id enim.
e498ce22-2c96-4568-a110-4398de8f36d4	2025-12-17 14:35:08.824894	2025-12-17 14:35:08.824894	ae898d74-bc41-4d17-a27a-99677277ac01	a79d940d-1f7e-4605-b763-db71063b7922	2025-06-26 22:01:25	12027.10000000	dolor dapibus gravida. Aliquam tincidunt, nunc ac mattis
4f3aebcf-f678-475e-adfe-086ed27018be	2025-12-17 14:35:08.824894	2025-12-17 14:35:08.824894	ae898d74-bc41-4d17-a27a-99677277ac01	56203eba-3776-4037-b52a-3664c0e7e66e	2024-12-20 04:50:55	11485.10000000	Duis at lacus. Quisque purus sapien, gravida
badfbf94-2e8e-4ef5-8c1d-c93074314cfd	2025-12-17 14:35:08.824894	2025-12-17 14:35:08.824894	ae898d74-bc41-4d17-a27a-99677277ac01	56203eba-3776-4037-b52a-3664c0e7e66e	2025-02-02 01:48:11	9132.10000000	Nullam lobortis quam a felis ullamcorper viverra. Maecenas iaculis
efc8d6cd-1576-47ed-8856-1f2b610e32bd	2025-12-17 14:35:08.824894	2025-12-17 14:35:08.824894	ae898d74-bc41-4d17-a27a-99677277ac01	a79d940d-1f7e-4605-b763-db71063b7922	2025-02-17 14:59:17	11299.10000000	In tincidunt congue turpis.
8a32d6b8-a4d0-4f88-88a6-0a3c11251b45	2025-12-17 14:35:08.824894	2025-12-17 14:35:08.824894	ae898d74-bc41-4d17-a27a-99677277ac01	56203eba-3776-4037-b52a-3664c0e7e66e	2025-03-31 09:00:32	6972.10000000	eu, accumsan sed, facilisis vitae, orci. Phasellus dapibus quam
9f3f6bed-bfde-41f9-9fb1-56907d4fe591	2025-12-17 14:35:08.824894	2025-12-17 14:35:08.824894	ae898d74-bc41-4d17-a27a-99677277ac01	ca083c9c-aa01-403c-aa57-bd3670b7bd1f	2025-06-09 13:13:03	4872.10000000	tellus justo sit amet nulla. Donec
7fce8328-5415-4d9d-bcb9-47bac32a72ef	2025-12-17 14:35:08.824894	2025-12-17 14:35:08.824894	ae898d74-bc41-4d17-a27a-99677277ac01	ca083c9c-aa01-403c-aa57-bd3670b7bd1f	2025-12-02 13:13:07	7912.10000000	per inceptos hymenaeos. Mauris ut quam
02d016d6-6de4-42c7-abfa-daff643d3cb4	2025-12-17 14:35:08.824894	2025-12-17 14:35:08.824894	ae898d74-bc41-4d17-a27a-99677277ac01	56203eba-3776-4037-b52a-3664c0e7e66e	2025-02-14 04:45:35	12946.10000000	egestas. Fusce
933b1d77-d1ad-4e45-ad62-b36bdc4f76f3	2025-12-17 14:35:08.824894	2025-12-17 14:35:08.824894	ae898d74-bc41-4d17-a27a-99677277ac01	a79d940d-1f7e-4605-b763-db71063b7922	2025-11-10 17:48:00	18076.10000000	convallis in,
2ad26099-3ecc-40b4-836b-1620f25418a0	2025-12-17 14:35:08.824894	2025-12-17 14:35:08.824894	ae898d74-bc41-4d17-a27a-99677277ac01	983a661a-8858-4619-ad50-6b297a108cd1	2025-11-23 02:30:17	19280.10000000	Cras dolor dolor, tempus
3d0e8529-ca97-4123-9bfc-0a2c9c00b189	2025-12-17 14:35:08.824894	2025-12-17 14:35:08.824894	ae898d74-bc41-4d17-a27a-99677277ac01	a79d940d-1f7e-4605-b763-db71063b7922	2025-08-16 05:08:45	3257.10000000	imperdiet non, vestibulum nec, euismod in, dolor.
e3660d3f-7591-445a-8fa3-ac5c4f4b819b	2025-12-17 14:35:08.824894	2025-12-17 14:35:08.824894	ae898d74-bc41-4d17-a27a-99677277ac01	983a661a-8858-4619-ad50-6b297a108cd1	2025-07-12 17:18:43	7366.10000000	diam. Duis mi enim, condimentum eget,
7b69485d-7afc-4ecd-88f8-7f0812db9dfc	2025-12-17 14:35:08.824894	2025-12-17 14:35:08.824894	ae898d74-bc41-4d17-a27a-99677277ac01	56203eba-3776-4037-b52a-3664c0e7e66e	2025-10-25 07:33:45	12263.10000000	nonummy ultricies ornare, elit
2be1b138-74f0-4c4c-90ee-5b6726927103	2025-12-17 14:35:08.824894	2025-12-17 14:35:08.824894	ae898d74-bc41-4d17-a27a-99677277ac01	983a661a-8858-4619-ad50-6b297a108cd1	2025-11-10 06:08:15	16758.10000000	et malesuada
e6848221-325f-4b1a-9a29-3d21646f4589	2025-12-17 14:35:08.824894	2025-12-17 14:35:08.824894	ae898d74-bc41-4d17-a27a-99677277ac01	a79d940d-1f7e-4605-b763-db71063b7922	2025-02-01 12:39:26	5566.10000000	urna et arcu imperdiet
82dca37a-b65c-480b-a991-15873afa6dfc	2025-12-17 14:35:08.824894	2025-12-17 14:35:08.824894	ae898d74-bc41-4d17-a27a-99677277ac01	56203eba-3776-4037-b52a-3664c0e7e66e	2025-05-15 03:45:28	9169.10000000	pede, nonummy ut, molestie in, tempus
05764415-2a8f-4096-b49e-f048e0c96efb	2025-12-17 14:35:08.824894	2025-12-17 14:35:08.824894	ae898d74-bc41-4d17-a27a-99677277ac01	ca083c9c-aa01-403c-aa57-bd3670b7bd1f	2025-08-17 15:16:11	48.10000000	purus ac tellus. Suspendisse sed dolor.
ddc20e6c-e1ec-4d86-b8df-979d11643a5c	2025-12-17 14:35:08.824894	2025-12-17 14:35:08.824894	ae898d74-bc41-4d17-a27a-99677277ac01	ca083c9c-aa01-403c-aa57-bd3670b7bd1f	2025-09-18 23:09:47	11109.10000000	magna. Nam ligula
7fb5d414-02a6-48c2-bb40-329371cee0d1	2025-12-17 14:35:08.824894	2025-12-17 14:35:08.824894	ae898d74-bc41-4d17-a27a-99677277ac01	56203eba-3776-4037-b52a-3664c0e7e66e	2025-03-13 05:45:38	9819.10000000	congue turpis. In
23c38fe7-ab9a-41c8-8330-f8afb772bed5	2025-12-17 14:35:08.824894	2025-12-17 14:35:08.824894	ae898d74-bc41-4d17-a27a-99677277ac01	56203eba-3776-4037-b52a-3664c0e7e66e	2025-04-03 17:24:24	4685.10000000	dolor egestas rhoncus. Proin
d4e13cf6-235f-4b27-8ef2-45c55b0e8f7d	2025-12-17 14:35:08.824894	2025-12-17 14:35:08.824894	ae898d74-bc41-4d17-a27a-99677277ac01	ca083c9c-aa01-403c-aa57-bd3670b7bd1f	2025-08-27 19:38:45	7026.10000000	lorem
e98da8f7-abad-4760-99d8-9573ffa2d316	2025-12-17 14:35:08.824894	2025-12-17 14:35:08.824894	ae898d74-bc41-4d17-a27a-99677277ac01	56203eba-3776-4037-b52a-3664c0e7e66e	2025-11-15 06:39:36	4324.10000000	luctus, ipsum leo elementum sem, vitae aliquam
ab71081a-b944-4842-a0b5-0a44924c56b5	2025-12-17 14:35:08.824894	2025-12-17 14:35:08.824894	ae898d74-bc41-4d17-a27a-99677277ac01	983a661a-8858-4619-ad50-6b297a108cd1	2024-12-23 19:21:52	18191.10000000	cursus vestibulum. Mauris magna. Duis dignissim tempor
9436a5fe-367c-4bdc-a8d1-c57ea7c632c2	2025-12-17 14:35:08.824894	2025-12-17 14:35:08.824894	ae898d74-bc41-4d17-a27a-99677277ac01	56203eba-3776-4037-b52a-3664c0e7e66e	2025-07-25 16:09:32	4254.10000000	sit amet risus. Donec egestas. Aliquam nec
6efac16d-cfe0-4885-9a23-0f1f08860c54	2025-12-17 14:35:08.824894	2025-12-17 14:35:08.824894	ae898d74-bc41-4d17-a27a-99677277ac01	56203eba-3776-4037-b52a-3664c0e7e66e	2025-06-27 08:25:34	17421.10000000	sed, est. Nunc laoreet lectus quis massa. Mauris vestibulum,
f8fcad35-6405-4325-8eaf-b1406334fb24	2025-12-17 14:35:08.824894	2025-12-17 14:35:08.824894	ae898d74-bc41-4d17-a27a-99677277ac01	983a661a-8858-4619-ad50-6b297a108cd1	2025-11-01 14:01:41	19789.10000000	venenatis a, magna.
8ef501a0-7582-4379-865c-509f52c3d46d	2025-12-17 14:35:08.824894	2025-12-17 14:35:08.824894	ae898d74-bc41-4d17-a27a-99677277ac01	a79d940d-1f7e-4605-b763-db71063b7922	2024-12-18 05:24:02	16421.10000000	posuere cubilia Curae
d31e5916-c6d9-4ee4-af14-f8f0c927db46	2025-12-17 14:35:08.824894	2025-12-17 14:35:08.824894	ae898d74-bc41-4d17-a27a-99677277ac01	ca083c9c-aa01-403c-aa57-bd3670b7bd1f	2025-05-07 03:26:16	10976.10000000	elementum, dui quis accumsan convallis, ante lectus
13854579-bebe-4dd4-a979-3ab750b95820	2025-12-17 14:35:08.824894	2025-12-17 14:35:08.824894	ae898d74-bc41-4d17-a27a-99677277ac01	a79d940d-1f7e-4605-b763-db71063b7922	2025-06-06 02:19:57	418.10000000	adipiscing ligula. Aenean gravida nunc sed
85773a7c-17d0-4188-88f8-1dd9acdfc3a3	2025-12-17 14:35:08.824894	2025-12-17 14:35:08.824894	ae898d74-bc41-4d17-a27a-99677277ac01	ca083c9c-aa01-403c-aa57-bd3670b7bd1f	2025-05-13 10:26:40	17884.10000000	nulla magna, malesuada vel, convallis in, cursus et, eros.
421daeb9-b1b3-4a9d-9e9c-52a4be3627bd	2025-12-17 14:35:08.824894	2025-12-17 14:35:08.824894	ae898d74-bc41-4d17-a27a-99677277ac01	a79d940d-1f7e-4605-b763-db71063b7922	2025-11-20 08:47:27	15358.10000000	ornare placerat, orci lacus vestibulum lorem, sit amet ultricies
23a49687-2754-4691-b544-7d03cf75db3b	2025-12-17 14:35:08.824894	2025-12-17 14:35:08.824894	ae898d74-bc41-4d17-a27a-99677277ac01	ca083c9c-aa01-403c-aa57-bd3670b7bd1f	2025-12-14 09:05:43	11928.10000000	fringilla euismod enim. Etiam gravida molestie
8da8d5e6-fd5a-48a2-8358-5f57e0ac781f	2025-12-17 14:35:08.824894	2025-12-17 14:35:08.824894	ae898d74-bc41-4d17-a27a-99677277ac01	56203eba-3776-4037-b52a-3664c0e7e66e	2025-08-23 10:16:22	18129.10000000	facilisis facilisis, magna tellus faucibus
e27a7dee-fa37-413a-9ed0-823609f058a5	2025-12-17 14:35:08.824894	2025-12-17 14:35:08.824894	ae898d74-bc41-4d17-a27a-99677277ac01	56203eba-3776-4037-b52a-3664c0e7e66e	2025-12-25 00:57:43	12401.10000000	lacus vestibulum lorem, sit amet ultricies
dd0447ad-6255-430f-ab08-820480f2e564	2025-12-17 14:35:08.824894	2025-12-17 14:35:08.824894	ae898d74-bc41-4d17-a27a-99677277ac01	983a661a-8858-4619-ad50-6b297a108cd1	2025-05-11 17:19:44	1468.10000000	sociis natoque penatibus et magnis dis parturient montes, nascetur ridiculus
b2e54bdc-8766-454d-9708-18e33ec5b499	2025-12-17 14:35:08.824894	2025-12-17 14:35:08.824894	ae898d74-bc41-4d17-a27a-99677277ac01	91fda0b2-b54f-4f46-b593-5648135f2661	2025-06-19 09:50:44	7808.10000000	lacinia mattis. Integer
59076196-2a0e-44b1-935d-6577f4302ea5	2025-12-17 14:35:08.824894	2025-12-17 14:35:08.824894	ae898d74-bc41-4d17-a27a-99677277ac01	a79d940d-1f7e-4605-b763-db71063b7922	2025-01-19 03:34:10	15900.10000000	dictum.
837c28a4-9fa5-4b03-b8f0-7fc926ac25ae	2025-12-17 14:35:08.824894	2025-12-17 14:35:08.824894	ae898d74-bc41-4d17-a27a-99677277ac01	983a661a-8858-4619-ad50-6b297a108cd1	2025-10-31 05:24:30	19938.10000000	et tristique pellentesque, tellus sem
15efaed4-25a7-4f67-85f4-fda3200257bf	2025-12-17 14:35:08.824894	2025-12-17 14:35:08.824894	ae898d74-bc41-4d17-a27a-99677277ac01	983a661a-8858-4619-ad50-6b297a108cd1	2025-07-22 15:32:13	9712.10000000	ac ipsum. Phasellus vitae mauris sit
c7f0e548-1c72-422a-a539-7ae08da9f3a5	2025-12-17 14:35:08.824894	2025-12-17 14:35:08.824894	ae898d74-bc41-4d17-a27a-99677277ac01	56203eba-3776-4037-b52a-3664c0e7e66e	2025-04-30 18:02:35	13236.10000000	non justo. Proin non massa non ante bibendum
8dd163ba-427d-4146-be77-a7d0b5b2b83e	2025-12-17 14:35:08.824894	2025-12-17 14:35:08.824894	ae898d74-bc41-4d17-a27a-99677277ac01	91fda0b2-b54f-4f46-b593-5648135f2661	2025-08-30 18:33:25	14360.10000000	rutrum. Fusce dolor quam, elementum at,
b828d09e-f8dc-4eee-8d27-d60321f12d03	2025-12-17 14:35:08.824894	2025-12-17 14:35:08.824894	ae898d74-bc41-4d17-a27a-99677277ac01	91fda0b2-b54f-4f46-b593-5648135f2661	2025-01-14 21:49:13	16697.10000000	blandit. Nam nulla magna, malesuada vel, convallis
4f28d67a-a559-42e9-85f8-75afe13253b1	2025-12-17 14:35:08.824894	2025-12-17 14:35:08.824894	ae898d74-bc41-4d17-a27a-99677277ac01	983a661a-8858-4619-ad50-6b297a108cd1	2025-02-22 10:58:01	13109.10000000	metus. Aliquam erat volutpat. Nulla facilisis.
2bfe3cdf-b3c1-4605-af88-abbe69837bba	2025-12-17 14:35:08.824894	2025-12-17 14:35:08.824894	ae898d74-bc41-4d17-a27a-99677277ac01	91fda0b2-b54f-4f46-b593-5648135f2661	2025-11-22 23:16:03	4316.10000000	sagittis lobortis
92531416-498e-4fd9-bbcf-66cc518dec71	2025-12-17 14:35:08.824894	2025-12-17 14:35:08.824894	ae898d74-bc41-4d17-a27a-99677277ac01	983a661a-8858-4619-ad50-6b297a108cd1	2025-11-16 11:16:28	4815.10000000	eget metus. In nec
71e144af-3857-4e6f-89f0-9370817dd2fa	2025-12-17 14:35:08.824894	2025-12-17 14:35:08.824894	ae898d74-bc41-4d17-a27a-99677277ac01	a79d940d-1f7e-4605-b763-db71063b7922	2025-11-13 11:22:55	9354.10000000	at, iaculis quis, pede. Praesent eu dui. Cum
77ebbd9d-6481-4a2a-979f-88aa05b19366	2025-12-17 14:35:08.824894	2025-12-17 14:35:08.824894	ae898d74-bc41-4d17-a27a-99677277ac01	91fda0b2-b54f-4f46-b593-5648135f2661	2025-09-27 06:08:18	10963.10000000	cursus a,
570ecb75-3a02-4455-9336-2317f28a48bf	2025-12-17 14:35:08.824894	2025-12-17 14:35:08.824894	ae898d74-bc41-4d17-a27a-99677277ac01	ca083c9c-aa01-403c-aa57-bd3670b7bd1f	2025-06-03 23:26:42	484.10000000	vel lectus.
9def6cc8-7ea7-4134-8afa-5fc753fdb486	2025-12-17 14:35:08.967692	2025-12-17 14:35:08.967692	ae898d74-bc41-4d17-a27a-99677277ac01	983a661a-8858-4619-ad50-6b297a108cd1	2025-06-28 22:05:53	15457.10000000	nec metus facilisis lorem tristique aliquet. Phasellus fermentum
2d6060b3-1880-476a-8051-85069a88108e	2025-12-17 14:35:08.967692	2025-12-17 14:35:08.967692	ae898d74-bc41-4d17-a27a-99677277ac01	983a661a-8858-4619-ad50-6b297a108cd1	2025-08-01 12:12:12	1012.10000000	a, enim. Suspendisse
d8ac33eb-4d6b-4240-bc1f-c2d7647bebc5	2025-12-17 14:35:08.967692	2025-12-17 14:35:08.967692	ae898d74-bc41-4d17-a27a-99677277ac01	983a661a-8858-4619-ad50-6b297a108cd1	2025-12-22 14:13:08	5504.10000000	nibh sit amet orci. Ut sagittis lobortis mauris. Suspendisse aliquet
654d6eaa-d147-406d-bcae-94c3014a145c	2025-12-17 14:35:08.967692	2025-12-17 14:35:08.967692	ae898d74-bc41-4d17-a27a-99677277ac01	983a661a-8858-4619-ad50-6b297a108cd1	2025-11-15 21:00:57	5909.10000000	Quisque libero lacus, varius et, euismod et, commodo at, libero.
f886bdd0-6f8e-4b7f-919d-f07544f1da46	2025-12-17 14:35:08.967692	2025-12-17 14:35:08.967692	ae898d74-bc41-4d17-a27a-99677277ac01	a79d940d-1f7e-4605-b763-db71063b7922	2025-07-17 00:46:18	13840.10000000	nascetur ridiculus mus. Aenean eget magna. Suspendisse
23851212-5c3e-48c6-af56-da431fb55de1	2025-12-17 14:35:08.967692	2025-12-17 14:35:08.967692	ae898d74-bc41-4d17-a27a-99677277ac01	91fda0b2-b54f-4f46-b593-5648135f2661	2025-01-22 00:28:40	4821.10000000	vel, venenatis vel,
ea38f145-7925-45c3-a318-174b99e3c185	2025-12-17 14:35:08.967692	2025-12-17 14:35:08.967692	ae898d74-bc41-4d17-a27a-99677277ac01	ca083c9c-aa01-403c-aa57-bd3670b7bd1f	2025-05-07 20:49:59	3007.10000000	sapien. Nunc pulvinar arcu et pede.
f99666a8-88fe-4ba6-9e37-aa55a41afcea	2025-12-17 14:35:08.967692	2025-12-17 14:35:08.967692	ae898d74-bc41-4d17-a27a-99677277ac01	983a661a-8858-4619-ad50-6b297a108cd1	2025-11-01 19:25:37	6368.10000000	volutpat nunc sit amet metus. Aliquam erat volutpat. Nulla
892cd98a-0526-41b5-b658-8f567b738520	2025-12-17 14:35:08.967692	2025-12-17 14:35:08.967692	ae898d74-bc41-4d17-a27a-99677277ac01	ca083c9c-aa01-403c-aa57-bd3670b7bd1f	2025-04-27 01:27:39	10537.10000000	Duis volutpat nunc sit amet
b07dd91b-33fd-4f2c-95be-59bbdd78e9c2	2025-12-17 14:35:08.967692	2025-12-17 14:35:08.967692	ae898d74-bc41-4d17-a27a-99677277ac01	983a661a-8858-4619-ad50-6b297a108cd1	2025-11-02 20:39:20	6419.10000000	Donec est. Nunc ullamcorper, velit
8036508e-363e-454b-b321-d1e37b312db8	2025-12-17 14:35:08.967692	2025-12-17 14:35:08.967692	ae898d74-bc41-4d17-a27a-99677277ac01	56203eba-3776-4037-b52a-3664c0e7e66e	2025-05-09 11:46:21	9863.10000000	Pellentesque habitant morbi tristique senectus et netus
9250fbad-0140-4d0e-974e-9529ab33957a	2025-12-17 14:35:08.967692	2025-12-17 14:35:08.967692	ae898d74-bc41-4d17-a27a-99677277ac01	ca083c9c-aa01-403c-aa57-bd3670b7bd1f	2025-11-10 22:33:46	2981.10000000	molestie tortor nibh sit amet orci. Ut
4a84b87f-07fe-4cf9-b5fe-37d969041fe9	2025-12-17 14:35:08.967692	2025-12-17 14:35:08.967692	ae898d74-bc41-4d17-a27a-99677277ac01	ca083c9c-aa01-403c-aa57-bd3670b7bd1f	2025-04-27 10:01:45	6956.10000000	consectetuer adipiscing elit. Curabitur sed tortor.
3ec82e5f-424d-4a0b-8f17-e9b00def31e1	2025-12-17 14:35:08.967692	2025-12-17 14:35:08.967692	ae898d74-bc41-4d17-a27a-99677277ac01	ca083c9c-aa01-403c-aa57-bd3670b7bd1f	2025-04-06 14:14:59	8330.10000000	metus. Aenean sed pede nec ante blandit
1693bb68-6a23-4c20-9295-408a6b717953	2025-12-17 14:35:08.967692	2025-12-17 14:35:08.967692	ae898d74-bc41-4d17-a27a-99677277ac01	ca083c9c-aa01-403c-aa57-bd3670b7bd1f	2025-07-08 09:50:11	13709.10000000	dictum. Phasellus in felis. Nulla tempor augue ac ipsum.
7499ebbf-7ad1-477a-9267-c25d8c9f4942	2025-12-17 14:35:08.967692	2025-12-17 14:35:08.967692	ae898d74-bc41-4d17-a27a-99677277ac01	ca083c9c-aa01-403c-aa57-bd3670b7bd1f	2025-04-19 16:53:15	5171.10000000	orci, adipiscing non, luctus
f9bfd974-3b2d-4b8b-ad86-55374149bf11	2025-12-17 14:35:08.967692	2025-12-17 14:35:08.967692	ae898d74-bc41-4d17-a27a-99677277ac01	ca083c9c-aa01-403c-aa57-bd3670b7bd1f	2025-09-03 02:22:04	16268.10000000	natoque penatibus et magnis dis parturient montes,
1e008b50-5bbc-43d5-bfdb-c96b3ddc2b1a	2025-12-17 14:35:08.967692	2025-12-17 14:35:08.967692	ae898d74-bc41-4d17-a27a-99677277ac01	56203eba-3776-4037-b52a-3664c0e7e66e	2025-01-12 09:11:52	17090.10000000	magna. Phasellus dolor elit, pellentesque
905ab5d2-e4c8-4b78-9751-59a2ea75ed48	2025-12-17 14:35:08.967692	2025-12-17 14:35:08.967692	ae898d74-bc41-4d17-a27a-99677277ac01	a79d940d-1f7e-4605-b763-db71063b7922	2025-10-07 12:24:07	4767.10000000	egestas. Aliquam fringilla cursus
20cf646f-6c6a-4850-8574-01e8213a5e3f	2025-12-17 14:35:08.967692	2025-12-17 14:35:08.967692	ae898d74-bc41-4d17-a27a-99677277ac01	56203eba-3776-4037-b52a-3664c0e7e66e	2025-01-31 04:17:42	16271.10000000	ornare. Fusce mollis. Duis sit
f5699a94-86e6-4097-ab22-168048139bdd	2025-12-17 14:35:08.967692	2025-12-17 14:35:08.967692	ae898d74-bc41-4d17-a27a-99677277ac01	56203eba-3776-4037-b52a-3664c0e7e66e	2025-05-15 16:55:41	1932.10000000	diam. Duis mi enim, condimentum eget,
65e7df38-8e97-4577-859d-30a1166b1ab3	2025-12-17 14:35:08.967692	2025-12-17 14:35:08.967692	ae898d74-bc41-4d17-a27a-99677277ac01	91fda0b2-b54f-4f46-b593-5648135f2661	2025-03-09 09:03:02	2091.10000000	nisi. Aenean eget
d42b93bf-820a-4583-94b3-76b96e5d8207	2025-12-17 14:35:08.967692	2025-12-17 14:35:08.967692	ae898d74-bc41-4d17-a27a-99677277ac01	ca083c9c-aa01-403c-aa57-bd3670b7bd1f	2025-09-26 23:18:27	4222.10000000	Nunc ullamcorper, velit in
200ba804-3d02-450a-ad80-95a74daa1c6a	2025-12-17 14:35:08.967692	2025-12-17 14:35:08.967692	ae898d74-bc41-4d17-a27a-99677277ac01	56203eba-3776-4037-b52a-3664c0e7e66e	2025-07-21 13:49:19	5.10000000	nulla. Donec non
855e016e-160e-46dd-aded-58eaece02269	2025-12-17 14:35:08.967692	2025-12-17 14:35:08.967692	ae898d74-bc41-4d17-a27a-99677277ac01	ca083c9c-aa01-403c-aa57-bd3670b7bd1f	2025-12-19 13:46:26	19888.10000000	sed turpis nec mauris blandit mattis. Cras eget nisi dictum
c4495a10-6d64-4a28-ad85-2a81b5efc2c1	2025-12-17 14:35:08.967692	2025-12-17 14:35:08.967692	ae898d74-bc41-4d17-a27a-99677277ac01	ca083c9c-aa01-403c-aa57-bd3670b7bd1f	2025-04-24 15:18:16	12331.10000000	tellus eu augue porttitor interdum.
c4f97e06-cb35-4c06-990d-170828b94f76	2025-12-17 14:35:08.967692	2025-12-17 14:35:08.967692	ae898d74-bc41-4d17-a27a-99677277ac01	91fda0b2-b54f-4f46-b593-5648135f2661	2025-09-24 22:21:56	3926.10000000	orci. Ut sagittis lobortis
0d9d292d-1a18-4564-9ba2-78adecca0e77	2025-12-17 14:35:08.967692	2025-12-17 14:35:08.967692	ae898d74-bc41-4d17-a27a-99677277ac01	ca083c9c-aa01-403c-aa57-bd3670b7bd1f	2025-07-19 23:17:11	6165.10000000	Nunc ut erat.
88e8473d-5761-4474-9111-e140c93e1214	2025-12-17 14:35:08.967692	2025-12-17 14:35:08.967692	ae898d74-bc41-4d17-a27a-99677277ac01	a79d940d-1f7e-4605-b763-db71063b7922	2025-08-09 21:45:19	1869.10000000	pellentesque, tellus sem mollis
deb13f3e-aff8-4fba-bfec-22def81108f5	2025-12-17 14:35:08.967692	2025-12-17 14:35:08.967692	ae898d74-bc41-4d17-a27a-99677277ac01	983a661a-8858-4619-ad50-6b297a108cd1	2025-12-19 03:32:44	5304.10000000	in faucibus orci luctus et ultrices
35e9ed35-720e-4507-870d-e7f00a9d0635	2025-12-17 14:35:08.967692	2025-12-17 14:35:08.967692	ae898d74-bc41-4d17-a27a-99677277ac01	91fda0b2-b54f-4f46-b593-5648135f2661	2025-09-14 11:52:21	4869.10000000	dolor quam, elementum at,
7c6ebee3-6937-4e31-a9ed-5dd8924a30e4	2025-12-17 14:35:08.967692	2025-12-17 14:35:08.967692	ae898d74-bc41-4d17-a27a-99677277ac01	91fda0b2-b54f-4f46-b593-5648135f2661	2025-08-04 15:07:24	17524.10000000	ipsum
3245fe8c-0741-4b4b-b02c-134144c685bf	2025-12-17 14:35:08.967692	2025-12-17 14:35:08.967692	ae898d74-bc41-4d17-a27a-99677277ac01	91fda0b2-b54f-4f46-b593-5648135f2661	2025-12-28 21:13:36	19809.10000000	nunc ac mattis ornare, lectus ante dictum mi, ac
5560b060-d8b0-48c1-bd76-1df64bae685b	2025-12-17 14:35:08.967692	2025-12-17 14:35:08.967692	ae898d74-bc41-4d17-a27a-99677277ac01	56203eba-3776-4037-b52a-3664c0e7e66e	2025-09-30 06:03:19	14643.10000000	dis parturient montes, nascetur ridiculus mus. Donec dignissim magna a
1fa044b3-cafe-43a0-81ea-0a3d8c173adf	2025-12-17 14:35:08.967692	2025-12-17 14:35:08.967692	ae898d74-bc41-4d17-a27a-99677277ac01	91fda0b2-b54f-4f46-b593-5648135f2661	2025-09-20 10:52:08	12499.10000000	accumsan sed, facilisis vitae, orci. Phasellus dapibus
ec43766b-9930-440a-8ee0-db30b9eca299	2025-12-17 14:35:08.967692	2025-12-17 14:35:08.967692	ae898d74-bc41-4d17-a27a-99677277ac01	ca083c9c-aa01-403c-aa57-bd3670b7bd1f	2025-04-28 14:52:33	13440.10000000	odio. Phasellus at augue id ante dictum
c787d938-ce0d-4eda-968a-ff587dd65064	2025-12-17 14:35:08.967692	2025-12-17 14:35:08.967692	ae898d74-bc41-4d17-a27a-99677277ac01	983a661a-8858-4619-ad50-6b297a108cd1	2025-11-23 20:21:52	12360.10000000	sem elit, pharetra ut, pharetra sed, hendrerit a, arcu.
6d2c0330-6837-4ab0-824e-25801e0d4192	2025-12-17 14:35:08.967692	2025-12-17 14:35:08.967692	ae898d74-bc41-4d17-a27a-99677277ac01	91fda0b2-b54f-4f46-b593-5648135f2661	2025-07-26 09:11:13	4376.10000000	diam
304ca6f6-c5c1-45a1-b7fb-2c373b4065fb	2025-12-17 14:35:08.967692	2025-12-17 14:35:08.967692	ae898d74-bc41-4d17-a27a-99677277ac01	ca083c9c-aa01-403c-aa57-bd3670b7bd1f	2025-12-17 19:31:45	15119.10000000	malesuada. Integer id magna et ipsum cursus vestibulum. Mauris
406fe821-a936-4ed8-8400-686838b3115c	2025-12-17 14:35:08.967692	2025-12-17 14:35:08.967692	ae898d74-bc41-4d17-a27a-99677277ac01	56203eba-3776-4037-b52a-3664c0e7e66e	2025-04-19 00:58:13	15586.10000000	dui. Fusce aliquam, enim nec tempus scelerisque, lorem
09d449d8-4006-4b3f-85b1-c10a88a4ab97	2025-12-17 14:35:08.967692	2025-12-17 14:35:08.967692	ae898d74-bc41-4d17-a27a-99677277ac01	ca083c9c-aa01-403c-aa57-bd3670b7bd1f	2025-04-02 17:15:44	12619.10000000	est.
7ee3c83e-ca26-4850-acfb-8e304d9430dc	2025-12-17 14:35:08.967692	2025-12-17 14:35:08.967692	ae898d74-bc41-4d17-a27a-99677277ac01	ca083c9c-aa01-403c-aa57-bd3670b7bd1f	2025-01-19 21:39:45	2142.10000000	lobortis. Class aptent taciti sociosqu ad litora torquent per
340b9578-8c15-4641-8e99-b43a6a19c1a0	2025-12-17 14:35:08.967692	2025-12-17 14:35:08.967692	ae898d74-bc41-4d17-a27a-99677277ac01	ca083c9c-aa01-403c-aa57-bd3670b7bd1f	2025-04-12 05:38:28	8977.10000000	fermentum vel, mauris. Integer sem elit, pharetra ut, pharetra
d8e1f70a-c498-4672-8ce5-7a575ca03501	2025-12-17 14:35:08.967692	2025-12-17 14:35:08.967692	ae898d74-bc41-4d17-a27a-99677277ac01	983a661a-8858-4619-ad50-6b297a108cd1	2025-02-23 18:40:56	13630.10000000	Sed nulla ante, iaculis
a5ab2f8e-9588-42a3-a495-c73fda01f052	2025-12-17 14:35:08.967692	2025-12-17 14:35:08.967692	ae898d74-bc41-4d17-a27a-99677277ac01	91fda0b2-b54f-4f46-b593-5648135f2661	2025-02-06 15:09:41	9298.10000000	Nam nulla magna,
bf14164b-e45d-4e1f-8f15-77e16d04a48f	2025-12-17 14:35:08.967692	2025-12-17 14:35:08.967692	ae898d74-bc41-4d17-a27a-99677277ac01	56203eba-3776-4037-b52a-3664c0e7e66e	2025-08-31 06:29:29	13690.10000000	eros. Nam consequat dolor
3d402ce8-f334-486c-a688-ecd2e25b0bf6	2025-12-17 14:35:08.967692	2025-12-17 14:35:08.967692	ae898d74-bc41-4d17-a27a-99677277ac01	983a661a-8858-4619-ad50-6b297a108cd1	2025-05-21 12:04:01	10237.10000000	diam. Duis mi enim, condimentum
32e220bb-3870-4501-911c-fb8a481530a2	2025-12-17 14:35:08.967692	2025-12-17 14:35:08.967692	ae898d74-bc41-4d17-a27a-99677277ac01	a79d940d-1f7e-4605-b763-db71063b7922	2025-01-27 14:16:08	15083.10000000	libero mauris, aliquam eu, accumsan sed, facilisis vitae, orci.
948f59f9-4398-4884-882e-44dcdd9af733	2025-12-17 14:35:08.967692	2025-12-17 14:35:08.967692	ae898d74-bc41-4d17-a27a-99677277ac01	91fda0b2-b54f-4f46-b593-5648135f2661	2025-01-12 07:37:33	13277.10000000	non quam. Pellentesque habitant
a6fd5ba0-724e-4a4f-a8bd-79a7ab4cd9ef	2025-12-17 14:35:08.967692	2025-12-17 14:35:08.967692	ae898d74-bc41-4d17-a27a-99677277ac01	983a661a-8858-4619-ad50-6b297a108cd1	2025-09-19 17:36:51	10095.10000000	Cum sociis natoque penatibus
0857de2d-c10a-4dc8-bfe7-42a6c51226a9	2025-12-17 14:35:09.062806	2025-12-17 14:35:09.062806	ae898d74-bc41-4d17-a27a-99677277ac01	56203eba-3776-4037-b52a-3664c0e7e66e	2025-07-26 13:58:15	9709.10000000	justo. Praesent luctus. Curabitur egestas
6575de64-68cf-4acf-8083-170c093aa281	2025-12-17 14:35:09.062806	2025-12-17 14:35:09.062806	ae898d74-bc41-4d17-a27a-99677277ac01	ca083c9c-aa01-403c-aa57-bd3670b7bd1f	2025-05-05 12:03:50	4445.10000000	tellus id nunc interdum feugiat. Sed nec metus facilisis lorem
bda95b96-8694-401c-b27f-9658c93cad75	2025-12-17 14:35:09.062806	2025-12-17 14:35:09.062806	ae898d74-bc41-4d17-a27a-99677277ac01	983a661a-8858-4619-ad50-6b297a108cd1	2025-07-16 04:40:39	8490.10000000	In ornare sagittis felis. Donec
f2dbe5d5-91ad-44de-90cc-82663bd6e8b7	2025-12-17 14:35:09.062806	2025-12-17 14:35:09.062806	ae898d74-bc41-4d17-a27a-99677277ac01	56203eba-3776-4037-b52a-3664c0e7e66e	2025-06-09 20:04:54	14745.10000000	amet orci. Ut sagittis lobortis mauris. Suspendisse aliquet molestie tellus.
8f51b193-7fe6-480f-9dda-921a8b82813e	2025-12-17 14:35:09.062806	2025-12-17 14:35:09.062806	ae898d74-bc41-4d17-a27a-99677277ac01	56203eba-3776-4037-b52a-3664c0e7e66e	2025-06-13 15:59:21	72.10000000	eleifend vitae, erat. Vivamus nisi. Mauris
94d30f85-d488-4f40-96bb-67ce17a42bfc	2025-12-17 14:35:09.062806	2025-12-17 14:35:09.062806	ae898d74-bc41-4d17-a27a-99677277ac01	a79d940d-1f7e-4605-b763-db71063b7922	2025-10-06 10:57:51	18583.10000000	sit amet luctus vulputate, nisi sem semper erat,
4c24c587-7582-4b38-9ac7-0b1e78d718b3	2025-12-17 14:35:09.062806	2025-12-17 14:35:09.062806	ae898d74-bc41-4d17-a27a-99677277ac01	56203eba-3776-4037-b52a-3664c0e7e66e	2025-03-31 20:09:43	14598.10000000	molestie sodales.
247ad764-b77f-4a1b-bda7-57ed3cc2ef33	2025-12-17 14:35:09.062806	2025-12-17 14:35:09.062806	ae898d74-bc41-4d17-a27a-99677277ac01	91fda0b2-b54f-4f46-b593-5648135f2661	2025-06-01 09:22:44	3271.10000000	nibh lacinia orci,
da0988b1-bdb7-43c0-abcb-eb1e122fe157	2025-12-17 14:35:09.062806	2025-12-17 14:35:09.062806	ae898d74-bc41-4d17-a27a-99677277ac01	a79d940d-1f7e-4605-b763-db71063b7922	2025-06-18 21:17:42	18570.10000000	lacus. Nulla tincidunt, neque vitae semper egestas, urna
6d85d57b-42b9-4444-9156-5f91524411be	2025-12-17 14:35:09.062806	2025-12-17 14:35:09.062806	ae898d74-bc41-4d17-a27a-99677277ac01	91fda0b2-b54f-4f46-b593-5648135f2661	2025-06-11 13:50:40	19368.10000000	lorem, luctus ut,
f35fc7ce-3aae-4cd0-ad14-d936af1353f6	2025-12-17 14:35:09.062806	2025-12-17 14:35:09.062806	ae898d74-bc41-4d17-a27a-99677277ac01	a79d940d-1f7e-4605-b763-db71063b7922	2025-10-28 14:59:56	17299.10000000	mauris, rhoncus id, mollis nec, cursus a,
4325b4a0-a962-4117-9b71-9a788b7f62b8	2025-12-17 14:35:09.062806	2025-12-17 14:35:09.062806	ae898d74-bc41-4d17-a27a-99677277ac01	983a661a-8858-4619-ad50-6b297a108cd1	2025-01-24 15:01:47	18055.10000000	Curabitur egestas nunc sed libero.
8405939d-1fb7-4939-bf96-e8485fa657c8	2025-12-17 14:35:09.062806	2025-12-17 14:35:09.062806	ae898d74-bc41-4d17-a27a-99677277ac01	91fda0b2-b54f-4f46-b593-5648135f2661	2025-01-10 01:18:21	14092.10000000	lorem, luctus ut, pellentesque
84c83881-5c18-47e9-ae52-bebb2a462c43	2025-12-17 14:35:09.062806	2025-12-17 14:35:09.062806	ae898d74-bc41-4d17-a27a-99677277ac01	56203eba-3776-4037-b52a-3664c0e7e66e	2025-04-11 13:57:44	5739.10000000	lectus pede et
9c241d0b-ee1b-4339-9827-1feda9449afe	2025-12-17 14:35:09.062806	2025-12-17 14:35:09.062806	ae898d74-bc41-4d17-a27a-99677277ac01	a79d940d-1f7e-4605-b763-db71063b7922	2025-10-19 16:15:27	13558.10000000	risus. Donec egestas.
76a5abb8-71c7-4539-a02c-62f39a40079b	2025-12-17 14:35:09.062806	2025-12-17 14:35:09.062806	ae898d74-bc41-4d17-a27a-99677277ac01	a79d940d-1f7e-4605-b763-db71063b7922	2025-03-17 08:15:21	6398.10000000	magna nec quam.
4f72c873-4568-4f7e-b633-bb79f4870a58	2025-12-17 14:35:09.062806	2025-12-17 14:35:09.062806	ae898d74-bc41-4d17-a27a-99677277ac01	56203eba-3776-4037-b52a-3664c0e7e66e	2025-05-13 18:51:56	11523.10000000	elit, pellentesque a, facilisis non, bibendum sed,
59b38702-d594-4fbc-b3ac-57e03a2d1098	2025-12-17 14:35:09.062806	2025-12-17 14:35:09.062806	ae898d74-bc41-4d17-a27a-99677277ac01	91fda0b2-b54f-4f46-b593-5648135f2661	2025-07-13 01:59:19	1165.10000000	sem, vitae aliquam eros turpis non
891f66a6-efaa-4aef-b3af-fa7eaf532987	2025-12-17 14:35:09.062806	2025-12-17 14:35:09.062806	ae898d74-bc41-4d17-a27a-99677277ac01	983a661a-8858-4619-ad50-6b297a108cd1	2025-01-25 19:25:50	19050.10000000	natoque penatibus et
72d8605b-b478-41a8-9193-1241666813e0	2025-12-17 14:35:09.062806	2025-12-17 14:35:09.062806	ae898d74-bc41-4d17-a27a-99677277ac01	ca083c9c-aa01-403c-aa57-bd3670b7bd1f	2025-02-04 05:33:45	990.10000000	ligula. Aenean gravida nunc
f337547f-741b-4da6-a79c-7d0aa0569772	2025-12-17 14:35:09.062806	2025-12-17 14:35:09.062806	ae898d74-bc41-4d17-a27a-99677277ac01	a79d940d-1f7e-4605-b763-db71063b7922	2025-03-30 02:23:38	5642.10000000	fringilla. Donec feugiat metus sit amet ante. Vivamus
4b6fd6f8-6574-40c0-a037-20459318aa2e	2025-12-17 14:35:09.062806	2025-12-17 14:35:09.062806	ae898d74-bc41-4d17-a27a-99677277ac01	983a661a-8858-4619-ad50-6b297a108cd1	2025-10-30 17:59:10	17136.10000000	non leo. Vivamus nibh dolor, nonummy
c59454f4-1217-4b91-ac28-7546718d3de3	2025-12-17 14:35:09.062806	2025-12-17 14:35:09.062806	ae898d74-bc41-4d17-a27a-99677277ac01	983a661a-8858-4619-ad50-6b297a108cd1	2025-11-12 18:53:12	13207.10000000	turpis non enim. Mauris quis turpis vitae purus
d009037f-b567-4d95-880d-f09356688c70	2025-12-17 14:35:09.062806	2025-12-17 14:35:09.062806	ae898d74-bc41-4d17-a27a-99677277ac01	a79d940d-1f7e-4605-b763-db71063b7922	2025-03-05 19:58:39	10568.10000000	enim. Suspendisse aliquet, sem ut cursus luctus, ipsum leo elementum
d7bc1dcc-4b94-49f9-9b86-4d7e09ec2a8c	2025-12-17 14:35:09.062806	2025-12-17 14:35:09.062806	ae898d74-bc41-4d17-a27a-99677277ac01	56203eba-3776-4037-b52a-3664c0e7e66e	2025-02-05 22:13:45	10151.10000000	nisl. Maecenas malesuada
fd2195eb-0c18-412c-87ad-824375fea26c	2025-12-17 14:35:09.062806	2025-12-17 14:35:09.062806	ae898d74-bc41-4d17-a27a-99677277ac01	ca083c9c-aa01-403c-aa57-bd3670b7bd1f	2025-08-07 07:12:05	425.10000000	odio tristique pharetra. Quisque ac libero nec ligula consectetuer
35f37d39-b694-4b5a-9f72-c331d18782fe	2025-12-17 14:35:09.062806	2025-12-17 14:35:09.062806	ae898d74-bc41-4d17-a27a-99677277ac01	983a661a-8858-4619-ad50-6b297a108cd1	2025-10-20 01:52:59	10586.10000000	iaculis enim, sit amet ornare lectus justo eu arcu.
b2536c48-6fef-43a4-b6aa-3ef8f8cc7e97	2025-12-17 14:35:09.062806	2025-12-17 14:35:09.062806	ae898d74-bc41-4d17-a27a-99677277ac01	a79d940d-1f7e-4605-b763-db71063b7922	2025-04-10 11:46:08	15790.10000000	magna
abc0af51-b3fe-472d-8d67-650c3c34aab2	2025-12-17 14:35:09.062806	2025-12-17 14:35:09.062806	ae898d74-bc41-4d17-a27a-99677277ac01	a79d940d-1f7e-4605-b763-db71063b7922	2025-04-29 02:57:10	3313.10000000	ullamcorper eu, euismod ac, fermentum vel, mauris. Integer
d688ec60-4fc0-409d-b566-d4bcd2ef146d	2025-12-17 14:35:09.062806	2025-12-17 14:35:09.062806	ae898d74-bc41-4d17-a27a-99677277ac01	a79d940d-1f7e-4605-b763-db71063b7922	2025-07-08 04:04:35	4168.10000000	lectus rutrum urna, nec luctus felis purus ac
09a711f0-87b4-4646-8a23-f215b07fbb7b	2025-12-17 14:35:09.062806	2025-12-17 14:35:09.062806	ae898d74-bc41-4d17-a27a-99677277ac01	56203eba-3776-4037-b52a-3664c0e7e66e	2025-05-17 15:35:51	8928.10000000	vitae dolor. Donec
7ba3ca89-f5bb-417c-8080-7362b7fd95c0	2025-12-17 14:35:09.062806	2025-12-17 14:35:09.062806	ae898d74-bc41-4d17-a27a-99677277ac01	91fda0b2-b54f-4f46-b593-5648135f2661	2025-03-03 20:14:50	19002.10000000	Suspendisse ac metus vitae velit egestas
5976cb7d-6732-46cd-95c0-0384c1ef5136	2025-12-17 14:35:09.062806	2025-12-17 14:35:09.062806	ae898d74-bc41-4d17-a27a-99677277ac01	a79d940d-1f7e-4605-b763-db71063b7922	2025-03-30 21:27:49	6875.10000000	vel, mauris. Integer sem elit, pharetra
92f2ad47-0f02-4f3b-9aa5-b534264e44fa	2025-12-17 14:35:09.062806	2025-12-17 14:35:09.062806	ae898d74-bc41-4d17-a27a-99677277ac01	91fda0b2-b54f-4f46-b593-5648135f2661	2025-04-17 08:15:14	1302.10000000	dictum. Proin eget odio. Aliquam vulputate ullamcorper magna. Sed
ff9e17dd-1b29-4e35-a8c3-8ec33e18dbce	2025-12-17 14:35:09.062806	2025-12-17 14:35:09.062806	ae898d74-bc41-4d17-a27a-99677277ac01	a79d940d-1f7e-4605-b763-db71063b7922	2025-01-07 22:56:48	18678.10000000	urna. Nunc quis arcu vel quam
15ea2713-5535-4143-a340-00237d36081b	2025-12-17 14:35:09.062806	2025-12-17 14:35:09.062806	ae898d74-bc41-4d17-a27a-99677277ac01	56203eba-3776-4037-b52a-3664c0e7e66e	2025-08-03 23:33:40	10293.10000000	ut ipsum ac mi eleifend egestas.
7fe29ba4-6dd3-49b8-81d1-07a98f62a8d4	2025-12-17 14:35:09.062806	2025-12-17 14:35:09.062806	ae898d74-bc41-4d17-a27a-99677277ac01	56203eba-3776-4037-b52a-3664c0e7e66e	2025-07-11 12:08:14	2797.10000000	eget lacus.
e51613c8-5580-480a-a01c-6a6e7a499873	2025-12-17 14:35:09.062806	2025-12-17 14:35:09.062806	ae898d74-bc41-4d17-a27a-99677277ac01	91fda0b2-b54f-4f46-b593-5648135f2661	2025-02-21 07:26:31	5683.10000000	erat eget ipsum. Suspendisse sagittis. Nullam vitae diam.
1ef0b345-d2e7-4e91-93a6-580d6f90e750	2025-12-17 14:35:09.062806	2025-12-17 14:35:09.062806	ae898d74-bc41-4d17-a27a-99677277ac01	56203eba-3776-4037-b52a-3664c0e7e66e	2025-12-18 00:35:06	1295.10000000	pellentesque. Sed dictum.
afc3f54c-3d6b-4796-95ac-2b4235ce25be	2025-12-17 14:35:09.062806	2025-12-17 14:35:09.062806	ae898d74-bc41-4d17-a27a-99677277ac01	a79d940d-1f7e-4605-b763-db71063b7922	2025-12-09 14:06:19	930.10000000	tellus. Suspendisse sed dolor. Fusce
3fb31802-f979-4ef0-91a5-16071ddec19e	2025-12-17 14:35:09.062806	2025-12-17 14:35:09.062806	ae898d74-bc41-4d17-a27a-99677277ac01	91fda0b2-b54f-4f46-b593-5648135f2661	2025-10-20 06:23:08	15003.10000000	vitae purus gravida sagittis. Duis gravida. Praesent eu nulla
acd696d3-4134-409b-8c81-0574021cd6d6	2025-12-17 14:35:09.062806	2025-12-17 14:35:09.062806	ae898d74-bc41-4d17-a27a-99677277ac01	ca083c9c-aa01-403c-aa57-bd3670b7bd1f	2024-12-24 11:17:00	13189.10000000	Sed congue, elit sed consequat auctor, nunc nulla
316f7e13-a5fa-4dda-8fd6-6d3c0874847e	2025-12-17 14:35:09.062806	2025-12-17 14:35:09.062806	ae898d74-bc41-4d17-a27a-99677277ac01	ca083c9c-aa01-403c-aa57-bd3670b7bd1f	2025-02-05 14:54:52	8581.10000000	mollis dui, in sodales elit
6c332cc7-e11d-454a-8a32-004eb929a02d	2025-12-17 14:35:09.062806	2025-12-17 14:35:09.062806	ae898d74-bc41-4d17-a27a-99677277ac01	ca083c9c-aa01-403c-aa57-bd3670b7bd1f	2025-11-18 18:19:54	631.10000000	lectus justo eu arcu. Morbi sit
e5b7aae7-5469-4758-a0a6-8a0b46c58835	2025-12-17 14:35:09.062806	2025-12-17 14:35:09.062806	ae898d74-bc41-4d17-a27a-99677277ac01	a79d940d-1f7e-4605-b763-db71063b7922	2025-06-05 05:09:30	17328.10000000	et magnis dis parturient montes, nascetur ridiculus
2c47d96b-5259-4120-9092-c930c5034c4a	2025-12-17 14:35:09.062806	2025-12-17 14:35:09.062806	ae898d74-bc41-4d17-a27a-99677277ac01	ca083c9c-aa01-403c-aa57-bd3670b7bd1f	2025-02-08 17:57:30	1028.10000000	at lacus. Quisque purus sapien, gravida non, sollicitudin a,
b1d56b70-950e-4b56-824a-a6d848e07153	2025-12-17 14:35:09.062806	2025-12-17 14:35:09.062806	ae898d74-bc41-4d17-a27a-99677277ac01	91fda0b2-b54f-4f46-b593-5648135f2661	2025-12-18 11:26:23	18802.10000000	primis in faucibus orci luctus et
19022ee7-2e71-4664-8e9a-40136b78b7ac	2025-12-17 14:35:09.062806	2025-12-17 14:35:09.062806	ae898d74-bc41-4d17-a27a-99677277ac01	56203eba-3776-4037-b52a-3664c0e7e66e	2025-05-16 14:35:46	7287.10000000	lectus. Nullam suscipit, est ac facilisis facilisis,
168fa9ac-ae1b-4aeb-b37e-4bc6d11a6098	2025-12-17 14:35:09.062806	2025-12-17 14:35:09.062806	ae898d74-bc41-4d17-a27a-99677277ac01	ca083c9c-aa01-403c-aa57-bd3670b7bd1f	2025-05-03 01:41:26	12294.10000000	egestas rhoncus. Proin nisl sem,
c03d389c-13ba-42b0-ace2-34178fb4942d	2025-12-17 14:35:09.062806	2025-12-17 14:35:09.062806	ae898d74-bc41-4d17-a27a-99677277ac01	ca083c9c-aa01-403c-aa57-bd3670b7bd1f	2025-02-18 22:13:27	5451.10000000	at augue id ante
71db40f8-a832-47a0-8a1e-24baaa243af6	2025-12-17 14:35:09.167505	2025-12-17 14:35:09.167505	ae898d74-bc41-4d17-a27a-99677277ac01	ca083c9c-aa01-403c-aa57-bd3670b7bd1f	2025-04-23 06:34:50	17553.10000000	commodo ipsum. Suspendisse non
40e466a2-72ff-49c9-bc5e-9326d8f0a8d0	2025-12-17 14:35:09.167505	2025-12-17 14:35:09.167505	ae898d74-bc41-4d17-a27a-99677277ac01	a79d940d-1f7e-4605-b763-db71063b7922	2025-02-20 15:59:22	15585.10000000	Cum sociis natoque
e63ed3a4-7891-4372-95ee-78f314f8ee5b	2025-12-17 14:35:09.167505	2025-12-17 14:35:09.167505	ae898d74-bc41-4d17-a27a-99677277ac01	91fda0b2-b54f-4f46-b593-5648135f2661	2025-09-02 07:48:13	10437.10000000	sit amet, dapibus id,
ce96ebf8-6d8f-4c9f-80eb-a326611c89af	2025-12-17 14:35:09.167505	2025-12-17 14:35:09.167505	ae898d74-bc41-4d17-a27a-99677277ac01	983a661a-8858-4619-ad50-6b297a108cd1	2025-12-12 09:32:04	6479.10000000	vel quam dignissim pharetra. Nam ac nulla. In tincidunt congue
f8a285ac-afd4-40e5-82bc-d5397178c89d	2025-12-17 14:35:09.167505	2025-12-17 14:35:09.167505	ae898d74-bc41-4d17-a27a-99677277ac01	56203eba-3776-4037-b52a-3664c0e7e66e	2025-12-10 15:43:27	8268.10000000	cursus luctus, ipsum leo elementum sem, vitae aliquam eros
8417da7f-8859-4c9d-b50f-0169f0f2824f	2025-12-17 14:35:09.167505	2025-12-17 14:35:09.167505	ae898d74-bc41-4d17-a27a-99677277ac01	91fda0b2-b54f-4f46-b593-5648135f2661	2025-03-14 19:13:27	8224.10000000	Sed
10dd4c06-f87b-4ee6-b322-d264fca3b630	2025-12-17 14:35:09.167505	2025-12-17 14:35:09.167505	ae898d74-bc41-4d17-a27a-99677277ac01	a79d940d-1f7e-4605-b763-db71063b7922	2025-11-16 17:12:25	12738.10000000	nulla ante, iaculis nec,
a7b59e91-de05-4b13-8f5f-a3d1206d170a	2025-12-17 14:35:09.167505	2025-12-17 14:35:09.167505	ae898d74-bc41-4d17-a27a-99677277ac01	a79d940d-1f7e-4605-b763-db71063b7922	2025-11-03 21:03:42	1192.10000000	dui,
a7011222-c6f3-47ee-bdc0-29cff5efc3c1	2025-12-17 14:35:09.167505	2025-12-17 14:35:09.167505	ae898d74-bc41-4d17-a27a-99677277ac01	983a661a-8858-4619-ad50-6b297a108cd1	2025-12-21 19:49:23	19545.10000000	quam. Curabitur vel lectus. Cum sociis
fedc0330-6250-4da4-9319-561a48d82697	2025-12-17 14:35:09.167505	2025-12-17 14:35:09.167505	ae898d74-bc41-4d17-a27a-99677277ac01	ca083c9c-aa01-403c-aa57-bd3670b7bd1f	2025-09-09 21:19:07	19881.10000000	luctus, ipsum leo elementum sem, vitae
0a8e769f-6bfc-42ea-8bea-5969007c3e9f	2025-12-17 14:35:09.167505	2025-12-17 14:35:09.167505	ae898d74-bc41-4d17-a27a-99677277ac01	91fda0b2-b54f-4f46-b593-5648135f2661	2025-06-15 18:44:00	26.10000000	Pellentesque ut ipsum
5ff6e7ac-5bc0-45c6-800d-4f45aaf2c058	2025-12-17 14:35:09.167505	2025-12-17 14:35:09.167505	ae898d74-bc41-4d17-a27a-99677277ac01	91fda0b2-b54f-4f46-b593-5648135f2661	2025-06-28 07:47:13	12385.10000000	cursus purus.
a9f27d3e-953a-4cb2-94ea-5f414f904634	2025-12-17 14:35:09.167505	2025-12-17 14:35:09.167505	ae898d74-bc41-4d17-a27a-99677277ac01	56203eba-3776-4037-b52a-3664c0e7e66e	2025-10-19 14:00:42	1283.10000000	eget lacus. Mauris non dui nec urna
a78906d0-60e2-444c-87dd-8cd087b7fa88	2025-12-17 14:35:09.167505	2025-12-17 14:35:09.167505	ae898d74-bc41-4d17-a27a-99677277ac01	ca083c9c-aa01-403c-aa57-bd3670b7bd1f	2025-01-31 12:08:11	4348.10000000	dui, semper et, lacinia vitae, sodales
5bf1577c-a058-4ac8-bb8a-0783e7bba8b9	2025-12-17 14:35:09.167505	2025-12-17 14:35:09.167505	ae898d74-bc41-4d17-a27a-99677277ac01	a79d940d-1f7e-4605-b763-db71063b7922	2025-03-26 18:18:24	2899.10000000	ipsum cursus vestibulum. Mauris magna. Duis dignissim tempor arcu.
19c62c01-c562-4704-bd6f-3135793592a1	2025-12-17 14:35:09.167505	2025-12-17 14:35:09.167505	ae898d74-bc41-4d17-a27a-99677277ac01	a79d940d-1f7e-4605-b763-db71063b7922	2025-10-21 19:00:50	11108.10000000	malesuada fames ac turpis egestas. Aliquam fringilla cursus
e51aab61-08d3-4f84-a6d8-9264a9aeb03f	2025-12-17 14:35:09.167505	2025-12-17 14:35:09.167505	ae898d74-bc41-4d17-a27a-99677277ac01	56203eba-3776-4037-b52a-3664c0e7e66e	2025-01-17 11:36:13	10654.10000000	eleifend non,
60b90f5f-a414-4e5f-9312-45c65f1f8793	2025-12-17 14:35:09.167505	2025-12-17 14:35:09.167505	ae898d74-bc41-4d17-a27a-99677277ac01	983a661a-8858-4619-ad50-6b297a108cd1	2025-05-14 04:41:03	19179.10000000	Nulla facilisis.
82dda2cb-0e8c-4fa5-aa4e-8465283dddf6	2025-12-17 14:35:09.167505	2025-12-17 14:35:09.167505	ae898d74-bc41-4d17-a27a-99677277ac01	91fda0b2-b54f-4f46-b593-5648135f2661	2024-12-26 14:26:36	8437.10000000	non, feugiat nec, diam. Duis mi
ed20701d-0644-40ee-a735-8ef2b391d290	2025-12-17 14:35:09.167505	2025-12-17 14:35:09.167505	ae898d74-bc41-4d17-a27a-99677277ac01	91fda0b2-b54f-4f46-b593-5648135f2661	2025-05-14 04:07:15	784.10000000	magna. Lorem ipsum dolor sit amet, consectetuer
cd1d37f9-bbe6-406e-ac6e-9e2957fab076	2025-12-17 14:35:09.167505	2025-12-17 14:35:09.167505	ae898d74-bc41-4d17-a27a-99677277ac01	a79d940d-1f7e-4605-b763-db71063b7922	2025-02-21 09:18:37	3805.10000000	Donec fringilla. Donec feugiat metus sit amet ante. Vivamus non
93127285-d4ca-4766-a483-75ac3931c16d	2025-12-17 14:35:09.167505	2025-12-17 14:35:09.167505	ae898d74-bc41-4d17-a27a-99677277ac01	983a661a-8858-4619-ad50-6b297a108cd1	2025-08-17 14:00:20	8207.10000000	arcu. Vestibulum ante ipsum primis in
bafaf6a2-96fc-4c3c-8140-146d5451b2ed	2025-12-17 14:35:09.167505	2025-12-17 14:35:09.167505	ae898d74-bc41-4d17-a27a-99677277ac01	ca083c9c-aa01-403c-aa57-bd3670b7bd1f	2025-07-04 10:54:03	11951.10000000	at pede. Cras vulputate velit eu sem. Pellentesque
ab191973-16fb-47df-83be-691bd88f2cdc	2025-12-17 14:35:09.167505	2025-12-17 14:35:09.167505	ae898d74-bc41-4d17-a27a-99677277ac01	56203eba-3776-4037-b52a-3664c0e7e66e	2025-06-30 21:38:54	4776.10000000	Ut semper pretium neque. Morbi
ba4a3631-620c-432c-bf2f-eb90a4549c10	2025-12-17 14:35:09.167505	2025-12-17 14:35:09.167505	ae898d74-bc41-4d17-a27a-99677277ac01	a79d940d-1f7e-4605-b763-db71063b7922	2025-02-27 02:34:19	5860.10000000	enim commodo hendrerit. Donec porttitor tellus non magna. Nam
5f547b5c-5f6c-4271-9bf2-4372e1c1dec4	2025-12-17 14:35:09.167505	2025-12-17 14:35:09.167505	ae898d74-bc41-4d17-a27a-99677277ac01	91fda0b2-b54f-4f46-b593-5648135f2661	2025-05-21 18:29:53	15280.10000000	aliquam iaculis, lacus pede sagittis augue, eu tempor
103c6005-300a-43f0-8991-be504ae24b02	2025-12-17 14:35:09.167505	2025-12-17 14:35:09.167505	ae898d74-bc41-4d17-a27a-99677277ac01	a79d940d-1f7e-4605-b763-db71063b7922	2025-12-19 23:59:40	11327.10000000	lectus pede, ultrices a, auctor non, feugiat
0fb05002-fbad-4e55-9982-d082e4e823ff	2025-12-17 14:35:09.167505	2025-12-17 14:35:09.167505	ae898d74-bc41-4d17-a27a-99677277ac01	56203eba-3776-4037-b52a-3664c0e7e66e	2025-04-01 09:41:47	17935.10000000	urna. Ut tincidunt vehicula risus. Nulla
6a7ac206-a206-406a-a7ab-b484ab868a8a	2025-12-17 14:35:09.167505	2025-12-17 14:35:09.167505	ae898d74-bc41-4d17-a27a-99677277ac01	56203eba-3776-4037-b52a-3664c0e7e66e	2025-07-04 21:59:21	14057.10000000	Cras interdum. Nunc sollicitudin commodo
129c4d67-5aac-40b3-bbaa-a661769c8c9f	2025-12-17 14:35:09.167505	2025-12-17 14:35:09.167505	ae898d74-bc41-4d17-a27a-99677277ac01	ca083c9c-aa01-403c-aa57-bd3670b7bd1f	2025-09-01 03:39:26	13189.10000000	ullamcorper,
c23991b6-431e-4103-bd8f-abe56634c893	2025-12-17 14:35:09.167505	2025-12-17 14:35:09.167505	ae898d74-bc41-4d17-a27a-99677277ac01	a79d940d-1f7e-4605-b763-db71063b7922	2025-05-07 10:14:47	11088.10000000	mauris. Suspendisse aliquet molestie tellus. Aenean egestas
3f5ad4b3-1552-4fc0-ace9-5882c6e41e47	2025-12-17 14:35:09.167505	2025-12-17 14:35:09.167505	ae898d74-bc41-4d17-a27a-99677277ac01	ca083c9c-aa01-403c-aa57-bd3670b7bd1f	2025-12-16 22:04:46	11759.10000000	condimentum. Donec at arcu.
fe0b1957-1f10-4c1b-8f6f-7f85bf817400	2025-12-17 14:35:09.167505	2025-12-17 14:35:09.167505	ae898d74-bc41-4d17-a27a-99677277ac01	56203eba-3776-4037-b52a-3664c0e7e66e	2025-02-09 15:00:45	13759.10000000	Nam nulla magna,
1b75c80b-39c1-4ff5-b984-63dd2f67ca57	2025-12-17 14:35:09.167505	2025-12-17 14:35:09.167505	ae898d74-bc41-4d17-a27a-99677277ac01	91fda0b2-b54f-4f46-b593-5648135f2661	2025-03-30 14:15:28	8327.10000000	urna suscipit nonummy. Fusce
53ddebb4-d36f-4c23-9ed2-9f8b2a176af9	2025-12-17 14:35:09.167505	2025-12-17 14:35:09.167505	ae898d74-bc41-4d17-a27a-99677277ac01	ca083c9c-aa01-403c-aa57-bd3670b7bd1f	2025-02-02 04:59:11	869.10000000	dui. Fusce
eba05918-32de-4c99-ae32-61e14ee59a9a	2025-12-17 14:35:09.167505	2025-12-17 14:35:09.167505	ae898d74-bc41-4d17-a27a-99677277ac01	91fda0b2-b54f-4f46-b593-5648135f2661	2025-11-14 08:33:12	1841.10000000	Duis cursus, diam at pretium aliquet, metus
5b999e9c-23d3-4826-9e24-df8002283ff5	2025-12-17 14:35:09.167505	2025-12-17 14:35:09.167505	ae898d74-bc41-4d17-a27a-99677277ac01	983a661a-8858-4619-ad50-6b297a108cd1	2025-03-23 00:15:43	17468.10000000	faucibus orci luctus et ultrices posuere cubilia Curae Phasellus
c9ac98b3-fe3c-4a12-a3f4-f3f23b11f3f9	2025-12-17 14:35:09.167505	2025-12-17 14:35:09.167505	ae898d74-bc41-4d17-a27a-99677277ac01	56203eba-3776-4037-b52a-3664c0e7e66e	2025-10-26 21:01:50	13185.10000000	in felis. Nulla tempor augue ac ipsum. Phasellus
1c484aa0-f0f0-4271-b626-6c085faa9d30	2025-12-17 14:35:09.167505	2025-12-17 14:35:09.167505	ae898d74-bc41-4d17-a27a-99677277ac01	983a661a-8858-4619-ad50-6b297a108cd1	2025-06-18 22:55:27	15494.10000000	odio. Phasellus at augue
7f6b25ff-cbd1-42cf-aea6-caeda4d4695f	2025-12-17 14:35:09.167505	2025-12-17 14:35:09.167505	ae898d74-bc41-4d17-a27a-99677277ac01	a79d940d-1f7e-4605-b763-db71063b7922	2025-01-04 08:22:09	10144.10000000	eu tellus
de4a8189-128f-4dff-8854-9b89ba49cc93	2025-12-17 14:35:09.167505	2025-12-17 14:35:09.167505	ae898d74-bc41-4d17-a27a-99677277ac01	56203eba-3776-4037-b52a-3664c0e7e66e	2025-02-09 06:38:25	13789.10000000	dolor, nonummy ac, feugiat non, lobortis quis, pede. Suspendisse
3a343ec0-fee9-4f8c-99d3-6550a1507964	2025-12-17 14:35:09.167505	2025-12-17 14:35:09.167505	ae898d74-bc41-4d17-a27a-99677277ac01	a79d940d-1f7e-4605-b763-db71063b7922	2025-02-17 12:45:38	7446.10000000	convallis in,
fc1f3779-0350-4cf3-af9c-bc638cfab73a	2025-12-17 14:35:09.167505	2025-12-17 14:35:09.167505	ae898d74-bc41-4d17-a27a-99677277ac01	91fda0b2-b54f-4f46-b593-5648135f2661	2025-11-27 13:00:52	17472.10000000	placerat
ac8a1310-5a1a-424f-b13f-bcce929ce593	2025-12-17 14:35:09.167505	2025-12-17 14:35:09.167505	ae898d74-bc41-4d17-a27a-99677277ac01	91fda0b2-b54f-4f46-b593-5648135f2661	2024-12-17 16:54:49	3727.10000000	ut quam vel sapien imperdiet
8a13da70-2861-4b3c-8df4-1761ccbadd0a	2025-12-17 14:35:09.167505	2025-12-17 14:35:09.167505	ae898d74-bc41-4d17-a27a-99677277ac01	91fda0b2-b54f-4f46-b593-5648135f2661	2025-05-26 12:11:06	11771.10000000	Nam porttitor scelerisque neque. Nullam nisl.
de50baed-a08c-4807-9444-e66f823b9e09	2025-12-17 14:35:09.167505	2025-12-17 14:35:09.167505	ae898d74-bc41-4d17-a27a-99677277ac01	983a661a-8858-4619-ad50-6b297a108cd1	2025-06-11 06:34:29	5203.10000000	et pede. Nunc sed orci lobortis
4d55b2c8-8417-430e-b275-3c6040444b1a	2025-12-17 14:35:09.167505	2025-12-17 14:35:09.167505	ae898d74-bc41-4d17-a27a-99677277ac01	91fda0b2-b54f-4f46-b593-5648135f2661	2025-12-01 13:16:29	15558.10000000	eget massa. Suspendisse eleifend. Cras sed leo. Cras
2db3c4f9-b143-4595-8e46-077ead43680d	2025-12-17 14:35:09.167505	2025-12-17 14:35:09.167505	ae898d74-bc41-4d17-a27a-99677277ac01	a79d940d-1f7e-4605-b763-db71063b7922	2025-06-11 02:44:10	2917.10000000	interdum libero
37036181-32e1-4e2b-a14a-d6a11e8c2599	2025-12-17 14:35:09.167505	2025-12-17 14:35:09.167505	ae898d74-bc41-4d17-a27a-99677277ac01	56203eba-3776-4037-b52a-3664c0e7e66e	2025-05-08 01:12:06	12522.10000000	cursus, diam
0476a61d-105e-4dbe-8421-9a845a0dfd70	2025-12-17 14:35:09.167505	2025-12-17 14:35:09.167505	ae898d74-bc41-4d17-a27a-99677277ac01	983a661a-8858-4619-ad50-6b297a108cd1	2025-10-10 04:08:14	18718.10000000	porttitor scelerisque neque. Nullam nisl. Maecenas
5704a24b-202e-4587-9f7b-1237167048b8	2025-12-17 14:35:09.262924	2025-12-17 14:35:09.262924	ae898d74-bc41-4d17-a27a-99677277ac01	56203eba-3776-4037-b52a-3664c0e7e66e	2025-02-01 09:10:14	13278.10000000	ut, nulla. Cras
dd763e53-6c77-4af2-bf62-283047eb7372	2025-12-17 14:35:09.262924	2025-12-17 14:35:09.262924	ae898d74-bc41-4d17-a27a-99677277ac01	91fda0b2-b54f-4f46-b593-5648135f2661	2025-06-20 16:53:31	14365.10000000	nisi nibh lacinia orci,
1820d4a5-6850-4f3a-9a58-a8fb4a61d84f	2025-12-17 14:35:09.262924	2025-12-17 14:35:09.262924	ae898d74-bc41-4d17-a27a-99677277ac01	a79d940d-1f7e-4605-b763-db71063b7922	2025-04-10 00:42:51	2496.10000000	Proin nisl sem, consequat nec, mollis vitae, posuere
cb3ac8cd-27b8-4e75-855a-a8fb83fbe6ba	2025-12-17 14:35:09.262924	2025-12-17 14:35:09.262924	ae898d74-bc41-4d17-a27a-99677277ac01	983a661a-8858-4619-ad50-6b297a108cd1	2025-10-01 16:37:35	18088.10000000	in faucibus orci
f5dbfbbe-9f5c-41ec-8e00-1ed8c83973e1	2025-12-17 14:35:09.262924	2025-12-17 14:35:09.262924	ae898d74-bc41-4d17-a27a-99677277ac01	ca083c9c-aa01-403c-aa57-bd3670b7bd1f	2025-06-07 09:49:09	16171.10000000	Sed eget lacus. Mauris non dui nec urna
a3bdb7e5-3289-4ee1-8004-385556c15d76	2025-12-17 14:35:09.262924	2025-12-17 14:35:09.262924	ae898d74-bc41-4d17-a27a-99677277ac01	56203eba-3776-4037-b52a-3664c0e7e66e	2025-10-13 20:49:26	13480.10000000	rutrum, justo.
70b18e1b-c045-4091-9227-46cf81d85057	2025-12-17 14:35:09.262924	2025-12-17 14:35:09.262924	ae898d74-bc41-4d17-a27a-99677277ac01	56203eba-3776-4037-b52a-3664c0e7e66e	2025-10-28 16:23:07	10424.10000000	feugiat placerat velit. Quisque
70c93142-3af7-4100-bc83-ab92a922c54a	2025-12-17 14:35:09.262924	2025-12-17 14:35:09.262924	ae898d74-bc41-4d17-a27a-99677277ac01	91fda0b2-b54f-4f46-b593-5648135f2661	2025-11-16 16:44:25	19855.10000000	arcu. Nunc mauris. Morbi non sapien molestie orci tincidunt
5568ad85-3798-41aa-890f-e557ad3c387e	2025-12-17 14:35:09.262924	2025-12-17 14:35:09.262924	ae898d74-bc41-4d17-a27a-99677277ac01	a79d940d-1f7e-4605-b763-db71063b7922	2024-12-30 05:12:47	12225.10000000	erat nonummy ultricies ornare, elit elit fermentum
913bbe1b-e512-456e-96fc-f161f531675b	2025-12-17 14:35:09.262924	2025-12-17 14:35:09.262924	ae898d74-bc41-4d17-a27a-99677277ac01	ca083c9c-aa01-403c-aa57-bd3670b7bd1f	2025-10-30 23:54:02	1235.10000000	consequat auctor, nunc nulla vulputate dui, nec
67c6febc-def9-436c-a293-aac77e0932bf	2025-12-17 14:35:09.262924	2025-12-17 14:35:09.262924	ae898d74-bc41-4d17-a27a-99677277ac01	a79d940d-1f7e-4605-b763-db71063b7922	2025-11-23 19:35:45	2155.10000000	dictum magna. Ut tincidunt orci quis
91989756-432f-4764-bff9-9e3f63f4a81f	2025-12-17 14:35:09.262924	2025-12-17 14:35:09.262924	ae898d74-bc41-4d17-a27a-99677277ac01	a79d940d-1f7e-4605-b763-db71063b7922	2025-06-03 03:48:05	10936.10000000	mollis nec, cursus a, enim. Suspendisse
3f18ab26-41ad-4c7a-a835-6f2f96e189a9	2025-12-17 14:35:09.262924	2025-12-17 14:35:09.262924	ae898d74-bc41-4d17-a27a-99677277ac01	91fda0b2-b54f-4f46-b593-5648135f2661	2025-08-12 15:17:29	5802.10000000	vulputate, risus a ultricies adipiscing, enim
9672fff0-a238-4c8c-b711-197224a6a04b	2025-12-17 14:35:09.262924	2025-12-17 14:35:09.262924	ae898d74-bc41-4d17-a27a-99677277ac01	a79d940d-1f7e-4605-b763-db71063b7922	2025-08-07 10:36:45	5639.10000000	luctus et ultrices posuere cubilia Curae Donec tincidunt.
e7bd1358-f8e0-4427-8d8d-d4c8c49a5e3e	2025-12-17 14:35:09.262924	2025-12-17 14:35:09.262924	ae898d74-bc41-4d17-a27a-99677277ac01	a79d940d-1f7e-4605-b763-db71063b7922	2025-04-02 06:40:59	7110.10000000	suscipit nonummy. Fusce fermentum fermentum arcu.
44cb08b2-c1c8-48e7-b423-f4b4039f6cc2	2025-12-17 14:35:09.262924	2025-12-17 14:35:09.262924	ae898d74-bc41-4d17-a27a-99677277ac01	91fda0b2-b54f-4f46-b593-5648135f2661	2025-08-03 00:48:13	2592.10000000	mi enim, condimentum eget, volutpat ornare, facilisis eget,
22ad8a0e-92a7-425d-b4ef-9433b7c2a20d	2025-12-17 14:35:09.262924	2025-12-17 14:35:09.262924	ae898d74-bc41-4d17-a27a-99677277ac01	a79d940d-1f7e-4605-b763-db71063b7922	2025-09-24 18:13:10	5837.10000000	nibh dolor, nonummy ac, feugiat non, lobortis quis, pede. Suspendisse
c2b2a769-95e6-448b-8c33-99d8a11ebc62	2025-12-17 14:35:09.262924	2025-12-17 14:35:09.262924	ae898d74-bc41-4d17-a27a-99677277ac01	983a661a-8858-4619-ad50-6b297a108cd1	2025-04-29 03:42:34	3803.10000000	quam dignissim pharetra.
d0f94fb4-374b-4339-a8f3-8e78ef800257	2025-12-17 14:35:09.262924	2025-12-17 14:35:09.262924	ae898d74-bc41-4d17-a27a-99677277ac01	a79d940d-1f7e-4605-b763-db71063b7922	2025-08-04 05:22:18	14993.10000000	semper
ce5315be-aab3-4ee1-88a5-11146cfcd377	2025-12-17 14:35:09.262924	2025-12-17 14:35:09.262924	ae898d74-bc41-4d17-a27a-99677277ac01	91fda0b2-b54f-4f46-b593-5648135f2661	2025-03-06 13:29:05	1682.10000000	a neque. Nullam ut nisi a odio semper cursus.
f1aa3517-68a8-4a11-abc4-fd64203056c7	2025-12-17 14:35:09.262924	2025-12-17 14:35:09.262924	ae898d74-bc41-4d17-a27a-99677277ac01	a79d940d-1f7e-4605-b763-db71063b7922	2025-07-10 22:59:52	1419.10000000	purus, in molestie tortor nibh
d2bfd316-2054-4667-a93f-6408a82df632	2025-12-17 14:35:09.262924	2025-12-17 14:35:09.262924	ae898d74-bc41-4d17-a27a-99677277ac01	a79d940d-1f7e-4605-b763-db71063b7922	2025-12-11 05:48:36	5367.10000000	aliquet. Phasellus fermentum convallis
10133d20-e38a-461d-a578-2d15e9773b41	2025-12-17 14:35:09.262924	2025-12-17 14:35:09.262924	ae898d74-bc41-4d17-a27a-99677277ac01	a79d940d-1f7e-4605-b763-db71063b7922	2025-02-26 01:16:29	2636.10000000	lectus
60771398-5ce2-4913-bee0-68e0f4ca92fd	2025-12-17 14:35:09.262924	2025-12-17 14:35:09.262924	ae898d74-bc41-4d17-a27a-99677277ac01	91fda0b2-b54f-4f46-b593-5648135f2661	2025-08-03 08:23:38	6118.10000000	lectus
1c10c60b-484f-4ee4-83cf-ec78f697479b	2025-12-17 14:35:09.262924	2025-12-17 14:35:09.262924	ae898d74-bc41-4d17-a27a-99677277ac01	a79d940d-1f7e-4605-b763-db71063b7922	2025-03-15 05:31:40	3897.10000000	Proin vel nisl. Quisque fringilla
77957cae-bcc8-4ad9-90e8-f8c8ddf7d94d	2025-12-17 14:35:09.262924	2025-12-17 14:35:09.262924	ae898d74-bc41-4d17-a27a-99677277ac01	983a661a-8858-4619-ad50-6b297a108cd1	2025-09-01 18:19:40	4927.10000000	nunc sed libero. Proin sed turpis
2c31411b-974e-48db-b8ec-88f9faa93e6d	2025-12-17 14:35:09.262924	2025-12-17 14:35:09.262924	ae898d74-bc41-4d17-a27a-99677277ac01	ca083c9c-aa01-403c-aa57-bd3670b7bd1f	2025-10-16 03:38:07	19894.10000000	amet metus. Aliquam erat volutpat.
7d034595-3edd-4579-815a-17c523475998	2025-12-17 14:35:09.262924	2025-12-17 14:35:09.262924	ae898d74-bc41-4d17-a27a-99677277ac01	ca083c9c-aa01-403c-aa57-bd3670b7bd1f	2025-04-18 14:19:36	552.10000000	sagittis felis. Donec tempor, est ac mattis
629528ba-e3e2-45a8-b9ce-b9264addbe3e	2025-12-17 14:35:09.262924	2025-12-17 14:35:09.262924	ae898d74-bc41-4d17-a27a-99677277ac01	ca083c9c-aa01-403c-aa57-bd3670b7bd1f	2025-08-25 09:38:09	9216.10000000	arcu. Vivamus sit amet risus. Donec egestas.
93de13a6-4040-463e-a89a-571d45a79eb3	2025-12-17 14:35:09.262924	2025-12-17 14:35:09.262924	ae898d74-bc41-4d17-a27a-99677277ac01	983a661a-8858-4619-ad50-6b297a108cd1	2025-03-09 22:12:03	12536.10000000	molestie tellus. Aenean egestas hendrerit neque. In
949606db-63fb-492f-8c4c-b2e4a3aa3864	2025-12-17 14:35:09.262924	2025-12-17 14:35:09.262924	ae898d74-bc41-4d17-a27a-99677277ac01	983a661a-8858-4619-ad50-6b297a108cd1	2025-11-17 03:12:13	2314.10000000	sociis natoque penatibus et magnis dis parturient
7dc22a9b-aa5c-45c1-9483-bf8fe4d1b793	2025-12-17 14:35:09.262924	2025-12-17 14:35:09.262924	ae898d74-bc41-4d17-a27a-99677277ac01	ca083c9c-aa01-403c-aa57-bd3670b7bd1f	2025-01-02 02:25:31	11411.10000000	sed consequat auctor, nunc nulla vulputate dui,
71b3b584-488d-4eaf-9b62-f7da62448081	2025-12-17 14:35:09.262924	2025-12-17 14:35:09.262924	ae898d74-bc41-4d17-a27a-99677277ac01	91fda0b2-b54f-4f46-b593-5648135f2661	2024-12-30 03:28:20	7321.10000000	ante ipsum primis in
a1b3d23c-00db-4947-bb4e-fb532732b9de	2025-12-17 14:35:09.262924	2025-12-17 14:35:09.262924	ae898d74-bc41-4d17-a27a-99677277ac01	ca083c9c-aa01-403c-aa57-bd3670b7bd1f	2025-11-18 05:07:02	2449.10000000	Donec luctus aliquet odio. Etiam ligula tortor, dictum
b3debe82-ccd5-49e1-ad10-66a15845076f	2025-12-17 14:35:09.262924	2025-12-17 14:35:09.262924	ae898d74-bc41-4d17-a27a-99677277ac01	ca083c9c-aa01-403c-aa57-bd3670b7bd1f	2025-03-27 11:48:51	1811.10000000	at
d40614f5-6d0f-4887-a5c1-cfbe3ad435d1	2025-12-17 14:35:09.262924	2025-12-17 14:35:09.262924	ae898d74-bc41-4d17-a27a-99677277ac01	a79d940d-1f7e-4605-b763-db71063b7922	2025-05-16 02:03:13	16786.10000000	scelerisque neque sed
be377d46-20cd-4ff1-bf99-d194cc8b1f04	2025-12-17 14:35:09.262924	2025-12-17 14:35:09.262924	ae898d74-bc41-4d17-a27a-99677277ac01	a79d940d-1f7e-4605-b763-db71063b7922	2025-04-10 17:38:19	4505.10000000	nulla magna, malesuada vel, convallis in, cursus et, eros.
6538f40a-cc86-45c4-ad4e-ed0aae868a54	2025-12-17 14:35:09.262924	2025-12-17 14:35:09.262924	ae898d74-bc41-4d17-a27a-99677277ac01	a79d940d-1f7e-4605-b763-db71063b7922	2025-02-17 16:53:11	8122.10000000	Phasellus ornare.
95c648be-10d1-4ddb-bdb2-1303f88805cb	2025-12-17 14:35:09.262924	2025-12-17 14:35:09.262924	ae898d74-bc41-4d17-a27a-99677277ac01	983a661a-8858-4619-ad50-6b297a108cd1	2025-05-25 17:59:11	5525.10000000	felis purus ac tellus. Suspendisse
24e455fb-61e8-483f-82b2-33005348662a	2025-12-17 14:35:09.262924	2025-12-17 14:35:09.262924	ae898d74-bc41-4d17-a27a-99677277ac01	983a661a-8858-4619-ad50-6b297a108cd1	2025-06-30 12:04:30	14754.10000000	amet, consectetuer adipiscing elit. Aliquam auctor,
003af186-9199-479e-b693-0f94c17fbc0d	2025-12-17 14:35:09.262924	2025-12-17 14:35:09.262924	ae898d74-bc41-4d17-a27a-99677277ac01	91fda0b2-b54f-4f46-b593-5648135f2661	2025-12-07 01:27:08	7611.10000000	dui lectus rutrum urna,
207dc004-111d-437f-a716-849d929ec516	2025-12-17 14:35:09.262924	2025-12-17 14:35:09.262924	ae898d74-bc41-4d17-a27a-99677277ac01	91fda0b2-b54f-4f46-b593-5648135f2661	2025-04-19 08:55:11	3084.10000000	amet nulla.
8a45dfb0-0ee2-4c23-b139-a854ccf22808	2025-12-17 14:35:09.262924	2025-12-17 14:35:09.262924	ae898d74-bc41-4d17-a27a-99677277ac01	983a661a-8858-4619-ad50-6b297a108cd1	2025-11-14 03:07:37	10447.10000000	diam lorem, auctor quis, tristique ac, eleifend vitae,
bb813eba-14c4-49a7-b753-18ae60faee00	2025-12-17 14:35:09.262924	2025-12-17 14:35:09.262924	ae898d74-bc41-4d17-a27a-99677277ac01	91fda0b2-b54f-4f46-b593-5648135f2661	2025-06-24 16:42:27	14410.10000000	gravida sagittis. Duis gravida. Praesent eu nulla
d5ca946f-9d7b-4560-a113-e1effcc3e1c9	2025-12-17 14:35:09.262924	2025-12-17 14:35:09.262924	ae898d74-bc41-4d17-a27a-99677277ac01	a79d940d-1f7e-4605-b763-db71063b7922	2025-09-14 13:06:56	16537.10000000	sollicitudin orci sem eget
3e8eea61-8c5c-40e2-a0b7-bf98c78b2285	2025-12-17 14:35:09.262924	2025-12-17 14:35:09.262924	ae898d74-bc41-4d17-a27a-99677277ac01	91fda0b2-b54f-4f46-b593-5648135f2661	2025-08-28 20:00:48	13306.10000000	et magnis dis parturient montes, nascetur ridiculus
9351da57-ffff-41ae-b8ae-7828902865a6	2025-12-17 14:35:09.262924	2025-12-17 14:35:09.262924	ae898d74-bc41-4d17-a27a-99677277ac01	ca083c9c-aa01-403c-aa57-bd3670b7bd1f	2025-03-03 07:31:38	3427.10000000	Nunc ut erat. Sed nunc est, mollis non,
c997353b-ace7-4b16-a9dd-8fb0ad200750	2025-12-17 14:35:09.262924	2025-12-17 14:35:09.262924	ae898d74-bc41-4d17-a27a-99677277ac01	983a661a-8858-4619-ad50-6b297a108cd1	2025-04-18 02:27:45	8395.10000000	magna, malesuada vel, convallis in, cursus
06c7f3ce-f366-434a-a761-fa60359fd896	2025-12-17 14:35:09.262924	2025-12-17 14:35:09.262924	ae898d74-bc41-4d17-a27a-99677277ac01	983a661a-8858-4619-ad50-6b297a108cd1	2025-01-06 02:19:53	11744.10000000	egestas ligula. Nullam feugiat
5fe036ea-403c-49e5-9b0c-fcabfd74ed8c	2025-12-17 14:35:09.262924	2025-12-17 14:35:09.262924	ae898d74-bc41-4d17-a27a-99677277ac01	56203eba-3776-4037-b52a-3664c0e7e66e	2025-06-08 22:13:36	1531.10000000	rhoncus. Nullam velit dui, semper et, lacinia
1a84d78b-de04-46a1-a567-8e562235fe61	2025-12-17 14:35:09.403018	2025-12-17 14:35:09.403018	ae898d74-bc41-4d17-a27a-99677277ac01	ca083c9c-aa01-403c-aa57-bd3670b7bd1f	2025-06-27 12:33:50	5448.10000000	erat eget
fb32a5b6-5f77-4acf-8e40-1d0e1cbaf72e	2025-12-17 14:35:09.403018	2025-12-17 14:35:09.403018	ae898d74-bc41-4d17-a27a-99677277ac01	91fda0b2-b54f-4f46-b593-5648135f2661	2025-03-14 16:21:00	661.10000000	nibh. Phasellus nulla. Integer vulputate, risus a ultricies
a3d69c1a-e893-4aa3-86cc-e09e1acbdecb	2025-12-17 14:35:09.403018	2025-12-17 14:35:09.403018	ae898d74-bc41-4d17-a27a-99677277ac01	56203eba-3776-4037-b52a-3664c0e7e66e	2025-04-27 14:27:16	17259.10000000	Donec
c7a273cc-ad25-4a12-b0d1-284498f9c76e	2025-12-17 14:35:09.403018	2025-12-17 14:35:09.403018	ae898d74-bc41-4d17-a27a-99677277ac01	ca083c9c-aa01-403c-aa57-bd3670b7bd1f	2025-12-27 23:44:02	12753.10000000	convallis,
88c49d9b-8ed4-4b10-a2a8-1d307fb93cc4	2025-12-17 14:35:09.403018	2025-12-17 14:35:09.403018	ae898d74-bc41-4d17-a27a-99677277ac01	91fda0b2-b54f-4f46-b593-5648135f2661	2025-12-16 10:24:33	4375.10000000	elit. Etiam laoreet, libero et tristique pellentesque, tellus sem
6cf692fd-454c-429c-9050-c5337f3e4e35	2025-12-17 14:35:09.403018	2025-12-17 14:35:09.403018	ae898d74-bc41-4d17-a27a-99677277ac01	91fda0b2-b54f-4f46-b593-5648135f2661	2025-12-17 16:01:46	8634.10000000	gravida non, sollicitudin a, malesuada id, erat. Etiam vestibulum massa
e478b374-aab5-43e5-84fd-dd1b7e7b0998	2025-12-17 14:35:09.403018	2025-12-17 14:35:09.403018	ae898d74-bc41-4d17-a27a-99677277ac01	ca083c9c-aa01-403c-aa57-bd3670b7bd1f	2025-01-02 06:45:19	14252.10000000	Mauris ut quam vel sapien imperdiet ornare.
32328c10-c724-449c-8f39-36fdce799f46	2025-12-17 14:35:09.403018	2025-12-17 14:35:09.403018	ae898d74-bc41-4d17-a27a-99677277ac01	91fda0b2-b54f-4f46-b593-5648135f2661	2025-11-18 08:10:39	7678.10000000	orci luctus et ultrices posuere cubilia Curae Donec tincidunt.
2bec2670-7a16-445a-8e3b-07971708e64f	2025-12-17 14:35:09.403018	2025-12-17 14:35:09.403018	ae898d74-bc41-4d17-a27a-99677277ac01	56203eba-3776-4037-b52a-3664c0e7e66e	2025-03-17 19:45:08	16127.10000000	bibendum. Donec felis orci, adipiscing
0df2105c-061d-4d78-96ed-1b3aeef75e48	2025-12-17 14:35:09.403018	2025-12-17 14:35:09.403018	ae898d74-bc41-4d17-a27a-99677277ac01	ca083c9c-aa01-403c-aa57-bd3670b7bd1f	2025-11-25 18:20:17	16002.10000000	erat volutpat. Nulla facilisis. Suspendisse commodo
a2a4c999-491b-4170-a5dc-0580441f2f40	2025-12-17 14:35:09.403018	2025-12-17 14:35:09.403018	ae898d74-bc41-4d17-a27a-99677277ac01	983a661a-8858-4619-ad50-6b297a108cd1	2025-06-23 23:06:51	19702.10000000	elit fermentum risus, at fringilla purus mauris a nunc. In
7b502676-6ce6-4c27-8fa2-ec1814adc476	2025-12-17 14:35:09.403018	2025-12-17 14:35:09.403018	ae898d74-bc41-4d17-a27a-99677277ac01	983a661a-8858-4619-ad50-6b297a108cd1	2025-06-01 19:21:29	18423.10000000	ornare, elit elit fermentum
447b30e5-34b0-4d4e-b53d-9206de7e5349	2025-12-17 14:35:09.403018	2025-12-17 14:35:09.403018	ae898d74-bc41-4d17-a27a-99677277ac01	983a661a-8858-4619-ad50-6b297a108cd1	2025-02-06 13:57:00	18965.10000000	Suspendisse aliquet, sem ut
0670ba35-543e-4296-9c7f-0f52dfd73f6a	2025-12-17 14:35:09.403018	2025-12-17 14:35:09.403018	ae898d74-bc41-4d17-a27a-99677277ac01	91fda0b2-b54f-4f46-b593-5648135f2661	2025-09-16 11:11:49	15783.10000000	erat
c1d05a1c-2fc1-4e27-9b7d-d222a39421f5	2025-12-17 14:35:09.403018	2025-12-17 14:35:09.403018	ae898d74-bc41-4d17-a27a-99677277ac01	983a661a-8858-4619-ad50-6b297a108cd1	2025-11-19 02:51:00	6642.10000000	aliquam, enim nec tempus scelerisque, lorem
4cfa4180-bbe2-4abc-a2c8-fb05d001ca83	2025-12-17 14:35:09.403018	2025-12-17 14:35:09.403018	ae898d74-bc41-4d17-a27a-99677277ac01	983a661a-8858-4619-ad50-6b297a108cd1	2025-02-03 13:40:01	14124.10000000	dolor. Quisque tincidunt
d5cf37cb-a0f9-428e-a439-c2951c3c3528	2025-12-17 14:35:09.403018	2025-12-17 14:35:09.403018	ae898d74-bc41-4d17-a27a-99677277ac01	ca083c9c-aa01-403c-aa57-bd3670b7bd1f	2025-11-27 03:07:02	5174.10000000	Praesent interdum ligula eu enim. Etiam imperdiet dictum
779f439f-390d-4084-940b-849cd71f0448	2025-12-17 14:35:09.403018	2025-12-17 14:35:09.403018	ae898d74-bc41-4d17-a27a-99677277ac01	91fda0b2-b54f-4f46-b593-5648135f2661	2025-06-09 21:55:04	18665.10000000	Suspendisse aliquet molestie tellus. Aenean egestas hendrerit neque. In
bb84741c-48af-4876-8eba-0b1901538f69	2025-12-17 14:35:09.403018	2025-12-17 14:35:09.403018	ae898d74-bc41-4d17-a27a-99677277ac01	a79d940d-1f7e-4605-b763-db71063b7922	2025-05-24 05:13:47	18231.10000000	ipsum dolor sit amet, consectetuer adipiscing
105a4fd0-94e7-433f-9f47-9e2123a41832	2025-12-17 14:35:09.403018	2025-12-17 14:35:09.403018	ae898d74-bc41-4d17-a27a-99677277ac01	a79d940d-1f7e-4605-b763-db71063b7922	2025-03-12 04:28:50	16635.10000000	velit eu sem. Pellentesque
684e1976-cee5-4d11-b70d-e0107fd1eb86	2025-12-17 14:35:09.403018	2025-12-17 14:35:09.403018	ae898d74-bc41-4d17-a27a-99677277ac01	a79d940d-1f7e-4605-b763-db71063b7922	2025-10-11 17:13:42	16333.10000000	metus. Vivamus euismod urna. Nullam lobortis quam
13f09fd6-ea6e-44f3-ae59-234742b8ff20	2025-12-17 14:35:09.403018	2025-12-17 14:35:09.403018	ae898d74-bc41-4d17-a27a-99677277ac01	a79d940d-1f7e-4605-b763-db71063b7922	2025-11-06 19:39:24	7118.10000000	lobortis, nisi nibh
d7b11e03-e1c2-49dc-bb60-b22c677ebebf	2025-12-17 14:35:09.403018	2025-12-17 14:35:09.403018	ae898d74-bc41-4d17-a27a-99677277ac01	a79d940d-1f7e-4605-b763-db71063b7922	2025-08-11 20:40:07	2277.10000000	Nulla interdum. Curabitur dictum. Phasellus
9e52537b-c98f-401e-8db1-806fdb710f86	2025-12-17 14:35:09.403018	2025-12-17 14:35:09.403018	ae898d74-bc41-4d17-a27a-99677277ac01	ca083c9c-aa01-403c-aa57-bd3670b7bd1f	2025-01-12 01:18:23	15998.10000000	molestie orci tincidunt adipiscing. Mauris molestie pharetra nibh.
9a3af7be-f799-46fa-87cf-1719aefe0826	2025-12-17 14:35:09.403018	2025-12-17 14:35:09.403018	ae898d74-bc41-4d17-a27a-99677277ac01	983a661a-8858-4619-ad50-6b297a108cd1	2025-01-21 09:38:39	13573.10000000	accumsan interdum libero dui nec ipsum.
ebc977bb-7297-462f-826f-fd0440348f5c	2025-12-17 14:35:09.403018	2025-12-17 14:35:09.403018	ae898d74-bc41-4d17-a27a-99677277ac01	56203eba-3776-4037-b52a-3664c0e7e66e	2025-08-14 16:35:27	19794.10000000	justo nec ante. Maecenas mi
5e4e0574-45d8-46a5-839b-f9373967dbc5	2025-12-17 14:35:09.403018	2025-12-17 14:35:09.403018	ae898d74-bc41-4d17-a27a-99677277ac01	56203eba-3776-4037-b52a-3664c0e7e66e	2025-03-25 22:59:15	12462.10000000	est, vitae sodales nisi magna sed dui. Fusce aliquam,
e68f598d-63ac-4f5e-ab8b-fd2fbba6c152	2025-12-17 14:35:09.403018	2025-12-17 14:35:09.403018	ae898d74-bc41-4d17-a27a-99677277ac01	56203eba-3776-4037-b52a-3664c0e7e66e	2025-04-09 21:50:13	13384.10000000	In ornare sagittis
d9a012a0-8ce0-4d1c-b474-671866f23282	2025-12-17 14:35:09.403018	2025-12-17 14:35:09.403018	ae898d74-bc41-4d17-a27a-99677277ac01	a79d940d-1f7e-4605-b763-db71063b7922	2025-07-30 19:50:22	4047.10000000	Suspendisse sagittis.
7e0ca023-43c8-4491-b7eb-c34f1004de20	2025-12-17 14:35:09.403018	2025-12-17 14:35:09.403018	ae898d74-bc41-4d17-a27a-99677277ac01	56203eba-3776-4037-b52a-3664c0e7e66e	2025-04-20 11:37:49	6011.10000000	molestie sodales. Mauris blandit enim consequat purus. Maecenas libero
aa068d52-844e-4b96-bdad-f18dba3c4653	2025-12-17 14:35:09.403018	2025-12-17 14:35:09.403018	ae898d74-bc41-4d17-a27a-99677277ac01	91fda0b2-b54f-4f46-b593-5648135f2661	2025-07-16 08:59:32	17121.10000000	ut, pellentesque eget, dictum placerat, augue. Sed
23dfa257-59f8-4068-9d4d-c25d952ec8f5	2025-12-17 14:35:09.403018	2025-12-17 14:35:09.403018	ae898d74-bc41-4d17-a27a-99677277ac01	ca083c9c-aa01-403c-aa57-bd3670b7bd1f	2025-02-21 21:55:15	15508.10000000	tellus eu augue
fd675d51-e758-41e5-8ea0-460049670253	2025-12-17 14:35:09.403018	2025-12-17 14:35:09.403018	ae898d74-bc41-4d17-a27a-99677277ac01	983a661a-8858-4619-ad50-6b297a108cd1	2025-09-25 18:36:04	7671.10000000	purus. Duis elementum, dui quis accumsan
9410fcb3-dec4-4ca6-9453-a9cd0dce786c	2025-12-17 14:35:09.403018	2025-12-17 14:35:09.403018	ae898d74-bc41-4d17-a27a-99677277ac01	56203eba-3776-4037-b52a-3664c0e7e66e	2025-05-09 08:17:38	2080.10000000	dolor dapibus gravida.
2c14026e-61fa-4a8a-84fc-ca0319c54df4	2025-12-17 14:35:09.403018	2025-12-17 14:35:09.403018	ae898d74-bc41-4d17-a27a-99677277ac01	983a661a-8858-4619-ad50-6b297a108cd1	2025-10-28 13:30:19	8181.10000000	neque. Morbi quis urna. Nunc quis
4aeab7da-85e6-4213-bbb9-2ec78b58f51d	2025-12-17 14:35:09.403018	2025-12-17 14:35:09.403018	ae898d74-bc41-4d17-a27a-99677277ac01	a79d940d-1f7e-4605-b763-db71063b7922	2025-06-13 04:12:28	13035.10000000	ante lectus convallis est, vitae
123efb6c-6fd5-4459-941e-1214cb4ede5d	2025-12-17 14:35:09.403018	2025-12-17 14:35:09.403018	ae898d74-bc41-4d17-a27a-99677277ac01	983a661a-8858-4619-ad50-6b297a108cd1	2025-04-24 16:22:12	11456.10000000	Aliquam auctor, velit eget laoreet posuere,
e2a287bd-8f1b-4e9f-a4d3-49a0ae021973	2025-12-17 14:35:09.403018	2025-12-17 14:35:09.403018	ae898d74-bc41-4d17-a27a-99677277ac01	91fda0b2-b54f-4f46-b593-5648135f2661	2025-07-06 17:20:48	16816.10000000	at pretium aliquet, metus urna convallis
a6994179-e78d-4be4-82fe-bc47de27344d	2025-12-17 14:35:09.403018	2025-12-17 14:35:09.403018	ae898d74-bc41-4d17-a27a-99677277ac01	983a661a-8858-4619-ad50-6b297a108cd1	2025-06-01 01:18:25	12711.10000000	lectus ante
b0105670-f88c-478d-a5a9-d948c2354211	2025-12-17 14:35:09.403018	2025-12-17 14:35:09.403018	ae898d74-bc41-4d17-a27a-99677277ac01	56203eba-3776-4037-b52a-3664c0e7e66e	2025-01-26 22:18:20	17606.10000000	Aliquam rutrum lorem ac risus. Morbi metus. Vivamus
6665d14a-159d-4505-83e6-1f83b79809e2	2025-12-17 14:35:09.403018	2025-12-17 14:35:09.403018	ae898d74-bc41-4d17-a27a-99677277ac01	ca083c9c-aa01-403c-aa57-bd3670b7bd1f	2025-07-28 16:42:54	17079.10000000	amet, dapibus id, blandit at, nisi. Cum
2490b7ed-5433-441a-83b0-4e55ec3f9249	2025-12-17 14:35:09.403018	2025-12-17 14:35:09.403018	ae898d74-bc41-4d17-a27a-99677277ac01	56203eba-3776-4037-b52a-3664c0e7e66e	2024-12-19 13:46:19	7663.10000000	ornare, libero at auctor ullamcorper, nisl arcu
f6a9de3b-75fa-495b-88d4-ef2ba1de4756	2025-12-17 14:35:09.403018	2025-12-17 14:35:09.403018	ae898d74-bc41-4d17-a27a-99677277ac01	ca083c9c-aa01-403c-aa57-bd3670b7bd1f	2025-04-24 08:14:19	19607.10000000	arcu. Vestibulum
9ab588c5-ba6b-4d3c-8805-b469a3df7da2	2025-12-17 14:35:09.403018	2025-12-17 14:35:09.403018	ae898d74-bc41-4d17-a27a-99677277ac01	ca083c9c-aa01-403c-aa57-bd3670b7bd1f	2025-07-03 22:49:28	10809.10000000	purus. Maecenas libero est, congue a,
0780a6f7-5865-432a-835c-ee8fd19987ab	2025-12-17 14:35:09.403018	2025-12-17 14:35:09.403018	ae898d74-bc41-4d17-a27a-99677277ac01	a79d940d-1f7e-4605-b763-db71063b7922	2025-07-06 21:20:19	19697.10000000	amet ornare lectus justo eu arcu.
a0165710-3318-4743-a908-2ff23e951304	2025-12-17 14:35:09.403018	2025-12-17 14:35:09.403018	ae898d74-bc41-4d17-a27a-99677277ac01	91fda0b2-b54f-4f46-b593-5648135f2661	2025-02-06 09:23:37	16395.10000000	nec ante. Maecenas mi felis, adipiscing fringilla, porttitor
3438338e-1f5f-4cda-a7ba-593260754532	2025-12-17 14:35:09.403018	2025-12-17 14:35:09.403018	ae898d74-bc41-4d17-a27a-99677277ac01	a79d940d-1f7e-4605-b763-db71063b7922	2025-09-01 01:00:05	12135.10000000	fringilla est. Mauris eu turpis. Nulla
511a40fb-780d-4198-a31c-41b5e13d075f	2025-12-17 14:35:09.403018	2025-12-17 14:35:09.403018	ae898d74-bc41-4d17-a27a-99677277ac01	a79d940d-1f7e-4605-b763-db71063b7922	2025-12-29 20:47:30	13576.10000000	non leo. Vivamus nibh dolor, nonummy ac, feugiat non,
90fdb271-042b-457c-834b-a9e923616d1a	2025-12-17 14:35:09.403018	2025-12-17 14:35:09.403018	ae898d74-bc41-4d17-a27a-99677277ac01	91fda0b2-b54f-4f46-b593-5648135f2661	2025-04-07 13:51:40	12003.10000000	eget lacus. Mauris non dui nec urna suscipit nonummy. Fusce
598c573f-7efe-4716-a087-6f6c64d1b9fc	2025-12-17 14:35:09.403018	2025-12-17 14:35:09.403018	ae898d74-bc41-4d17-a27a-99677277ac01	983a661a-8858-4619-ad50-6b297a108cd1	2025-02-21 06:57:20	1740.10000000	diam. Proin dolor. Nulla
\.


ALTER TABLE public.transactions ENABLE TRIGGER ALL;

--
-- PostgreSQL database dump complete
--

\unrestrict wyFZXjCEyTlKeXR9gUriBLTY9t8WIfonbdyX6q0n9LPSplGKedcMVhcMUXZ7ezu

